time,tavg,tmin,tmax,prcp,snow,wdir,wspd,wpgt,pres,tsun
2021-01-02,22.0,18.8,25.8,0.2,,,15.3,,1013.7,
2021-01-03,22.3,19.5,26.1,0.0,,,16.6,,1013.4,
2021-01-04,22.1,19.9,25.3,0.0,,,17.3,,1012.9,
2021-01-05,22.7,20.3,26.8,0.0,,,17.8,,1012.7,
2021-01-06,22.8,19.7,26.7,0.2,,,15.8,,1013.1,
2021-01-07,23.1,20.2,27.5,0.0,,,16.5,,1011.8,
2021-01-08,23.3,20.5,27.3,0.0,,,15.7,,1010.5,
2021-01-09,24.1,20.7,29.1,0.0,,,14.0,,1010.2,
2021-01-10,24.0,20.9,28.4,0.0,,,15.8,,1011.0,
2021-01-11,23.4,19.8,27.4,0.3,,,17.5,,1011.6,
2021-01-12,23.7,20.8,27.5,0.1,,,16.7,,1012.4,
2021-01-13,24.2,20.2,28.9,0.0,,,18.0,,1012.6,
2021-01-14,24.7,21.6,28.8,0.0,,,16.8,,1011.7,
2021-01-15,24.4,19.6,28.6,0.0,,,18.5,,1011.3,
2021-01-16,24.6,21.8,28.3,0.1,,,16.0,,1010.6,
2021-01-17,24.4,21.3,28.3,0.3,,,12.4,,1010.8,
2021-01-18,24.3,21.3,28.6,1.4,,,12.8,,1010.6,
2021-01-19,25.5,21.5,30.4,0.0,,,15.0,,1010.5,
2021-01-20,25.3,20.7,29.5,0.0,,,18.5,,1011.6,
2021-01-21,24.4,20.4,28.4,0.6,,,17.8,,1012.5,
2021-01-22,23.0,20.0,26.1,1.2,,,20.3,,1012.5,
2021-01-23,23.1,18.9,27.3,1.0,,,21.4,,1012.6,
2021-01-24,24.4,20.5,28.8,0.0,,,16.5,,1012.3,
2021-01-25,23.3,18.8,26.9,0.3,,,19.9,,1013.2,
2021-01-26,23.2,18.2,27.8,0.0,,,20.5,,1013.1,
2021-01-27,23.7,19.4,28.0,0.0,,,18.1,,1012.4,
2021-01-28,24.1,20.0,27.9,0.4,,,17.6,,1012.6,
2021-01-29,24.7,20.3,28.8,0.2,,,18.7,,1013.0,
2021-01-30,24.1,19.7,28.2,0.0,,,18.6,,1012.6,
2021-01-31,23.7,18.5,28.4,0.0,,,17.9,,1012.2,
2021-02-01,24.0,19.7,28.8,0.0,,,17.1,,1013.4,
2021-02-02,24.2,19.4,28.9,0.0,,,18.8,,1014.4,
2021-02-03,24.4,19.6,29.3,0.0,,,20.3,,1013.6,
2021-02-04,24.6,20.2,29.1,0.0,,,19.4,,1013.1,
2021-02-05,24.4,19.5,28.9,0.0,,,16.8,,1012.9,
2021-02-06,24.9,20.5,29.9,0.0,,,15.3,,1011.3,
2021-02-07,24.6,21.3,28.5,0.8,,,13.8,,1010.5,
2021-02-08,24.3,22.5,26.8,2.0,,,14.8,,1011.4,
2021-02-09,24.4,20.1,28.4,0.2,,,18.9,,1011.9,
2021-02-10,24.7,20.6,28.4,0.0,,,17.4,,1011.6,
2021-02-11,25.8,21.7,29.9,0.0,,,15.3,,1011.0,
2021-02-12,25.8,20.9,29.8,0.0,,,15.9,,1010.8,
2021-02-13,25.5,21.4,29.9,0.2,,,17.9,,1011.4,
2021-02-14,25.7,20.8,30.3,0.0,,,19.0,,1011.6,
2021-02-15,25.7,20.6,30.3,0.0,,,20.8,,1010.9,
2021-02-16,25.7,20.0,30.6,0.0,,,18.9,,1010.3,
2021-02-17,25.3,19.9,30.3,0.0,,,21.6,,1010.7,
2021-02-18,25.4,20.8,30.2,0.0,,,18.7,,1011.5,
2021-02-19,26.1,22.6,30.9,0.0,,,14.5,,1011.6,
2021-02-20,24.9,20.8,28.1,1.4,,,11.0,,1012.8,
2021-02-21,22.9,20.4,25.7,15.2,,,7.4,,1012.8,
2021-02-22,20.9,19.2,23.9,25.8,,,5.5,,1014.0,
2021-02-23,21.8,18.8,25.4,1.7,,,5.3,,1013.3,
2021-02-24,23.4,19.7,28.1,0.3,,,9.4,,1011.9,
2021-02-25,23.0,19.1,26.6,0.0,,,16.8,,1011.8,
2021-02-26,23.3,19.4,26.9,0.0,,,17.7,,1011.3,
2021-02-27,24.6,20.4,29.7,0.0,,,13.8,,1010.3,
2021-02-28,24.8,20.8,28.8,0.0,,,16.0,,1010.6,
2021-03-01,24.7,19.8,28.9,0.0,,,19.0,,1010.6,
2021-03-02,24.3,19.0,28.5,0.0,,,21.3,,1011.5,
2021-03-03,24.9,20.1,28.9,0.0,,,18.0,,1010.8,
2021-03-04,24.2,19.1,28.0,0.3,,,20.1,,1011.5,
2021-03-05,25.6,21.3,30.0,0.1,,,15.9,,1011.6,
2021-03-06,26.0,20.7,30.5,0.0,,,19.4,,1011.3,
2021-03-07,25.0,19.7,29.1,0.0,,,19.4,,1011.1,
2021-03-08,24.9,20.0,29.0,0.0,,,20.7,,1010.8,
2021-03-09,24.6,19.8,28.4,0.0,,,20.9,,1012.3,
2021-03-10,24.4,19.0,29.2,0.3,,,23.5,,1012.6,
2021-03-11,24.6,19.9,29.3,0.0,,,21.7,,1011.7,
2021-03-12,24.5,19.0,29.0,0.0,,,22.1,,1011.6,
2021-03-13,24.4,20.0,28.8,0.1,,,21.9,,1011.8,
2021-03-14,24.8,20.6,29.0,0.1,,,20.8,,1011.6,
2021-03-15,24.7,20.0,29.6,0.0,,,22.6,,1010.7,
2021-03-16,22.2,18.5,26.5,1.2,,,20.3,,1011.7,
2021-03-17,23.1,20.5,26.7,0.5,,,20.8,,1011.4,
2021-03-18,23.0,20.0,27.2,2.6,,,15.6,,1012.3,
2021-03-19,23.4,19.5,27.3,0.5,,,16.0,,1011.7,
2021-03-20,22.8,19.3,26.7,1.5,,,18.6,,1011.2,
2021-03-21,22.9,18.4,27.9,0.5,,,20.2,,1010.6,
2021-03-22,24.2,20.2,28.4,0.2,,,18.7,,1011.3,
2021-03-23,23.3,19.9,26.9,1.2,,,19.7,,1012.8,
2021-03-24,23.7,19.0,28.5,0.4,,,18.1,,1012.4,
2021-03-25,24.6,19.6,29.7,0.0,,,15.3,,1010.6,
2021-03-26,24.4,19.4,29.2,0.0,,,16.6,,1011.4,
2021-03-27,24.6,20.6,29.0,0.0,,,16.1,,1012.2,
2021-03-28,25.0,22.4,28.3,0.7,,,14.6,,1012.2,
2021-03-29,25.5,22.7,29.4,0.1,,,18.5,,1011.5,
2021-03-30,25.3,20.4,29.9,0.0,,,19.9,,1010.6,
2021-03-31,24.6,20.2,28.9,0.9,,,19.1,,1011.7,
2021-04-01,24.2,19.3,28.9,0.2,,,20.8,,1012.1,
2021-04-02,24.8,20.0,29.4,0.1,,,18.5,,1012.4,
2021-04-03,24.9,20.6,29.7,0.4,,,16.8,,1012.1,
2021-04-04,23.0,18.7,27.2,0.8,,,17.2,,1013.0,
2021-04-05,21.7,18.7,25.5,1.5,,,20.4,,1013.4,
2021-04-06,22.6,19.2,26.4,2.2,,,17.5,,1013.4,
2021-04-07,22.1,19.0,26.0,0.5,,,19.6,,1014.4,
2021-04-08,22.5,18.9,27.1,0.7,,,21.6,,1013.3,
2021-04-09,22.8,19.0,27.3,1.6,,,19.1,,1011.8,
2021-04-10,22.8,18.7,26.9,1.2,,,20.2,,1011.7,
2021-04-11,22.3,18.9,26.9,0.7,,,23.1,,1012.9,
2021-04-12,22.6,18.8,27.1,0.5,,,23.5,,1013.7,
2021-04-13,22.6,18.7,26.7,1.3,,,18.5,,1014.2,
2021-04-14,23.8,19.2,28.8,0.6,,,14.9,,1013.2,
2021-04-15,23.7,19.2,28.4,0.7,,,18.4,,1012.5,
2021-04-16,23.5,19.8,28.0,0.4,,,21.0,,1012.2,
2021-04-17,23.3,19.0,27.7,0.3,,,23.9,,1012.4,
2021-04-18,21.7,18.4,25.5,2.8,,,25.5,,1014.0,
2021-04-19,20.5,18.5,22.8,1.4,,,18.5,,1014.5,
2021-04-20,21.6,18.3,25.8,0.4,,,18.7,,1013.4,
2021-04-21,22.1,18.8,26.4,0.9,,,22.3,,1013.4,
2021-04-22,21.8,18.5,25.9,1.1,,,19.8,,1014.3,
2021-04-23,21.7,18.4,25.1,1.3,,,21.9,,1013.0,
2021-04-24,21.8,19.0,25.6,3.6,,,19.2,,1012.1,
2021-04-25,21.7,18.8,24.8,3.1,,,16.8,,1013.1,
2021-04-26,22.1,19.0,26.0,1.2,,,13.2,,1013.5,
2021-04-27,22.4,19.1,26.2,2.6,,,13.2,,1012.5,
2021-04-28,22.0,18.5,26.2,1.9,,,23.3,,1012.3,
2021-04-29,21.9,19.2,25.9,3.2,,,20.2,,1012.6,
2021-04-30,22.5,18.6,26.4,0.8,,,18.8,,1012.1,
2021-05-01,23.1,19.1,27.1,0.4,,,18.9,,1011.7,
2021-05-02,23.1,19.4,27.3,0.1,,,21.6,,1011.4,
2021-05-03,21.7,19.0,25.2,2.0,,,18.4,,1012.2,
2021-05-04,22.5,18.9,27.4,0.8,,,21.0,,1011.6,
2021-05-05,22.5,19.0,26.9,3.2,,,19.4,,1011.8,
2021-05-06,23.3,19.1,27.7,0.0,,,16.7,,1012.7,
2021-05-07,23.4,19.8,26.4,1.3,,,17.8,,1013.4,
2021-05-08,21.7,19.1,25.6,11.5,,,8.3,,1014.2,
2021-05-09,21.3,18.1,24.8,16.7,,,5.0,,1014.3,
2021-05-10,20.8,18.4,23.1,3.3,,,5.0,,1015.3,
2021-05-11,20.2,18.5,23.0,24.8,,,6.2,,1015.9,
2021-05-12,21.5,18.7,25.1,0.5,,,10.3,,1015.5,
2021-05-13,21.6,17.8,25.7,0.0,,,15.4,,1014.6,
2021-05-14,22.2,17.8,26.8,0.0,,,17.5,,1014.1,
2021-05-15,22.9,18.3,28.1,0.0,,,18.3,,1013.7,
2021-05-16,23.4,19.0,27.9,0.0,,,18.0,,1013.0,
2021-05-17,23.5,18.8,28.2,0.0,,,19.5,,1013.2,
2021-05-18,23.4,19.1,28.2,0.3,,,22.4,,1013.8,
2021-05-19,23.4,18.8,28.1,0.0,,,20.0,,1014.5,
2021-05-20,22.7,18.0,27.5,0.0,,,19.2,,1014.9,
2021-05-21,22.6,17.7,27.8,0.0,,,21.2,,1015.1,
2021-05-22,22.7,18.0,27.4,0.0,,,20.5,,1014.6,
2021-05-23,22.8,17.5,28.3,0.0,,,20.1,,1014.3,
2021-05-24,22.0,17.3,26.6,0.0,,,19.5,,1016.0,
2021-05-25,21.9,17.1,26.2,0.0,,,19.3,,1016.1,
2021-05-26,21.8,16.8,26.4,0.0,,,23.3,,1015.3,
2021-05-27,22.0,17.2,27.4,0.0,,,22.4,,1015.7,
2021-05-28,21.6,17.4,26.5,0.5,,,23.0,,1015.9,
2021-05-29,21.4,17.4,26.4,0.6,,,21.0,,1015.7,
2021-05-30,22.4,18.0,27.0,0.0,,,19.3,,1015.5,
2021-05-31,22.5,18.0,27.5,0.0,,,24.8,,1013.7,
2021-06-01,21.9,17.4,26.9,0.1,,,27.2,,1013.1,
2021-06-02,22.1,17.2,27.6,0.0,,,24.1,,1014.6,
2021-06-03,22.7,17.5,28.1,0.0,,,19.3,,1015.4,
2021-06-04,22.7,18.0,27.8,0.0,,,21.1,,1015.5,
2021-06-05,22.8,17.9,27.5,0.0,,,22.3,,1014.9,
2021-06-06,23.0,18.1,28.2,0.0,,,25.0,,1015.0,
2021-06-07,22.7,17.5,28.2,0.0,,,25.8,,1015.6,
2021-06-08,22.0,17.3,27.0,0.0,,,28.8,,1015.7,
2021-06-09,21.7,17.4,26.2,0.3,,,28.6,,1015.5,
2021-06-10,21.8,17.0,26.9,0.0,,,27.7,,1014.2,
2021-06-11,21.8,16.8,27.0,0.0,,,22.0,,1014.4,
2021-06-12,21.4,16.3,27.2,0.0,,,23.7,,1015.1,
2021-06-13,21.6,17.0,26.8,0.0,,,20.9,,1016.3,
2021-06-14,22.3,17.1,27.7,0.0,,,17.2,,1015.5,
2021-06-15,22.4,17.1,27.1,0.0,,,18.8,,1014.6,
2021-06-16,22.3,17.2,27.9,0.0,,,21.1,,1015.1,
2021-06-17,22.1,17.6,27.0,0.0,,,17.8,,1016.2,
2021-06-18,23.0,18.6,28.3,0.0,,,21.0,,1016.5,
2021-06-19,21.0,17.0,26.0,0.5,,,23.0,,1017.9,
2021-06-20,21.3,16.3,26.9,0.0,,,23.7,,1017.4,
2021-06-21,22.1,17.2,27.6,0.0,,,24.7,,1016.4,
2021-06-22,20.6,16.4,25.6,0.9,,,28.8,,1015.9,
2021-06-23,20.5,16.2,25.7,1.1,,,29.1,,1016.1,
2021-06-24,20.8,16.0,26.4,0.0,,,25.3,,1016.4,
2021-06-25,21.1,16.1,26.9,0.0,,,22.1,,1016.0,
2021-06-26,21.1,16.3,26.0,0.0,,,20.5,,1014.6,
2021-06-27,20.8,16.4,26.1,0.0,,,24.0,,1014.6,
2021-06-28,21.0,16.8,26.2,0.0,,,24.4,,1015.5,
2021-06-29,20.5,16.7,25.0,1.0,,,26.6,,1016.1,
2021-06-30,21.0,16.1,26.7,0.0,,,24.3,,1017.4,
2021-07-01,21.4,16.6,26.7,1.3,,,15.4,,1017.0,
2021-07-02,21.2,16.3,26.1,0.0,,,20.7,,1016.6,
2021-07-03,21.8,16.7,27.2,0.0,,,20.4,,1015.4,
2021-07-04,21.3,16.0,26.6,0.0,,,24.1,,1015.6,
2021-07-05,21.0,16.0,26.3,0.0,,,23.2,,1015.5,
2021-07-06,21.3,16.2,26.1,0.0,,,20.6,,1015.1,
2021-07-07,21.4,16.9,26.2,0.0,,,19.0,,1015.5,
2021-07-08,21.2,16.8,26.6,0.9,,,20.9,,1016.9,
2021-07-09,21.3,17.1,26.2,0.0,,,19.9,,1016.7,
2021-07-10,21.1,16.7,25.9,1.2,,,24.8,,1015.9,
2021-07-11,22.0,17.4,27.0,0.0,,,24.0,,1015.9,
2021-07-12,22.1,17.4,27.3,0.0,,,22.1,,1016.3,
2021-07-13,22.7,18.1,27.3,0.1,,,20.0,,1015.6,
2021-07-14,20.9,17.3,24.4,0.8,,,21.3,,1015.8,
2021-07-15,21.3,16.8,25.3,0.2,,,24.2,,1015.7,
2021-07-16,21.8,16.9,26.4,0.0,,,19.4,,1015.8,
2021-07-17,21.4,16.6,25.6,0.0,,,23.3,,1015.7,
2021-07-18,22.0,17.4,26.9,0.0,,,21.5,,1015.5,
2021-07-19,22.0,17.2,26.6,0.0,,,20.2,,1016.0,
2021-07-20,22.0,17.0,27.3,0.0,,,19.5,,1016.8,
2021-07-21,20.9,16.9,25.1,1.8,,,20.8,,1018.9,
2021-07-22,22.0,17.3,27.3,0.0,,,22.1,,1017.6,
2021-07-23,21.6,16.3,26.7,0.0,,,20.0,,1016.0,
2021-07-24,18.6,16.1,20.9,11.5,,,20.0,,1016.7,
2021-07-25,19.9,15.8,24.4,0.0,,,25.7,,1016.4,
2021-07-26,20.0,15.1,24.7,0.0,,,22.3,,1016.6,
2021-07-27,20.7,16.1,26.3,0.0,,,22.6,,1016.0,
2021-07-28,20.5,16.3,24.9,0.0,,,23.8,,1015.8,
2021-07-29,20.0,16.0,24.1,0.0,,,23.4,,1016.9,
2021-07-30,20.7,16.4,25.6,0.0,,,24.2,,1017.3,
2021-07-31,21.3,16.3,27.3,0.1,,,27.4,,1017.7,
2021-08-01,21.6,16.5,27.7,0.0,,,27.5,,1017.5,
2021-08-02,21.0,17.0,25.9,0.0,,,26.0,,1017.9,
2021-08-03,21.8,16.3,27.3,0.0,,,22.0,,1018.0,
2021-08-04,21.6,16.6,26.9,0.0,,,25.9,,1019.0,
2021-08-05,21.6,16.3,27.2,0.0,,,23.5,,1018.8,
2021-08-06,21.3,16.2,26.9,0.0,,,23.9,,1017.3,
2021-08-07,21.5,16.0,27.1,0.0,,,21.6,,1016.4,
2021-08-08,22.0,16.3,28.2,0.0,,,19.8,,1016.3,
2021-08-09,22.4,16.5,28.9,0.0,,,16.3,,1015.7,
2021-08-10,22.6,16.9,28.2,0.1,,,17.3,,1014.8,
2021-08-11,21.3,16.5,26.8,0.0,,,21.1,,1015.6,
2021-08-12,21.6,16.8,26.6,0.0,,,19.9,,1016.1,
2021-08-13,22.3,17.1,27.8,0.0,,,22.8,,1015.7,
2021-08-14,22.4,17.1,27.9,0.0,,,25.5,,1015.4,
2021-08-15,22.1,16.8,27.9,0.0,,,25.1,,1015.8,
2021-08-16,21.2,16.2,26.4,0.0,,,26.5,,1016.9,
2021-08-17,21.2,17.0,25.6,0.0,,,25.2,,1017.2,
2021-08-18,20.9,16.2,26.8,0.0,,,23.4,,1015.5,
2021-08-19,22.5,16.7,28.4,0.0,,,19.2,,1013.5,
2021-08-20,23.0,17.2,28.4,0.0,,,22.9,,1013.0,
2021-08-21,22.8,17.7,28.2,1.0,,,23.9,,1013.8,
2021-08-22,22.4,17.6,28.1,0.6,,,25.5,,1014.1,
2021-08-23,22.0,17.1,28.1,0.1,,,26.5,,1013.9,
2021-08-24,22.2,16.4,28.3,0.0,,,26.1,,1014.0,
2021-08-25,21.5,15.7,27.6,0.0,,,28.4,,1013.8,
2021-08-26,21.5,15.7,27.6,0.0,,,26.1,,1014.3,
2021-08-27,22.3,16.8,28.5,0.0,,,23.4,,1014.3,
2021-08-28,22.8,16.6,29.0,0.0,,,19.9,,1013.1,
2021-08-29,23.9,17.0,31.1,0.0,,,14.2,,1011.3,
2021-08-30,24.8,18.3,30.5,0.0,,,12.2,,1011.3,
2021-08-31,24.2,18.3,30.0,0.0,,,18.4,,1011.6,
2021-09-01,22.9,17.8,28.4,0.0,,,25.5,,1013.0,
2021-09-02,22.8,18.3,28.6,0.1,,,27.6,,1013.1,
2021-09-03,21.5,16.9,26.6,0.0,,,27.0,,1013.7,
2021-09-04,22.3,16.5,28.2,0.0,,,22.6,,1014.2,
2021-09-05,22.3,16.7,28.6,0.0,,,22.6,,1015.0,
2021-09-06,22.3,17.1,28.2,0.0,,,23.8,,1015.4,
2021-09-07,22.1,16.9,27.3,0.0,,,23.6,,1015.0,
2021-09-08,22.6,17.1,28.5,0.0,,,23.7,,1014.8,
2021-09-09,22.0,17.5,27.2,0.0,,,24.2,,1016.0,
2021-09-10,22.4,17.3,28.7,0.3,,,25.0,,1016.7,
2021-09-11,22.3,16.6,28.4,0.0,,,26.8,,1016.0,
2021-09-12,21.7,16.3,26.7,0.0,,,26.3,,1016.2,
2021-09-13,20.8,16.4,25.2,0.5,,,24.7,,1015.5,
2021-09-14,22.7,16.8,28.7,0.0,,,22.1,,1014.6,
2021-09-15,23.5,17.5,30.0,0.0,,,19.0,,1014.3,
2021-09-16,23.3,17.8,29.0,0.0,,,22.9,,1013.1,
2021-09-17,24.2,18.3,29.9,0.2,,,15.4,,1012.1,
2021-09-18,23.9,18.9,29.9,0.6,,,11.6,,1013.7,
2021-09-19,23.8,18.8,29.2,1.0,,,5.7,,1014.4,
2021-09-20,23.5,18.1,28.7,0.0,,,22.5,,1013.6,
2021-09-21,23.4,17.8,29.2,0.0,,,23.0,,1014.3,
2021-09-22,23.5,17.9,29.7,0.0,,,24.3,,1014.2,
2021-09-23,22.7,17.3,28.4,0.5,,,28.8,,1013.9,
2021-09-24,22.6,17.0,28.5,0.0,,,26.7,,1014.3,
2021-09-25,22.9,17.7,28.0,0.0,,,25.4,,1015.1,
2021-09-26,22.4,17.2,28.0,0.6,,,21.9,,1014.9,
2021-09-27,23.8,17.7,29.6,0.0,,,19.6,,1013.4,
2021-09-28,23.7,17.6,29.3,0.0,,,23.2,,1012.6,
2021-09-29,24.3,18.2,30.2,0.0,,,21.2,,1012.5,
2021-09-30,23.3,18.2,28.9,0.0,,,24.5,,1012.9,
2021-10-01,22.7,18.0,28.2,0.8,,,25.3,,1012.7,
2021-10-02,23.6,17.8,29.4,0.0,,,19.5,,1012.4,
2021-10-03,24.3,18.6,29.7,0.0,,,16.7,,1012.5,
2021-10-04,24.3,18.7,29.5,0.0,,,16.1,,1012.6,
2021-10-05,24.2,18.2,29.3,0.0,,,18.7,,1012.7,
2021-10-06,24.0,17.8,29.8,0.0,,,19.6,,1012.3,
2021-10-07,24.4,18.7,30.2,0.0,,,18.8,,1012.4,
2021-10-08,25.0,18.9,30.6,0.1,,,17.8,,1011.6,
2021-10-09,23.8,18.4,28.8,0.0,,,24.3,,1012.4,
2021-10-10,23.4,18.7,27.3,0.0,,,23.4,,1013.3,
2021-10-11,23.7,18.1,28.3,0.0,,,23.8,,1013.3,
2021-10-12,23.4,18.4,27.6,0.0,,,23.4,,1013.1,
2021-10-13,23.7,18.3,29.0,0.0,,,21.3,,1013.6,
2021-10-14,24.4,18.7,30.3,0.0,,,19.6,,1013.5,
2021-10-15,24.6,18.8,29.7,0.1,,,22.0,,1012.8,
2021-10-16,23.9,18.9,28.9,0.3,,,20.7,,1012.1,
2021-10-17,24.9,19.8,29.9,0.0,,,18.0,,1011.7,
2021-10-18,24.6,19.3,30.0,0.0,,,19.4,,1011.9,
2021-10-19,23.5,19.3,27.6,0.2,,,22.5,,1013.5,
2021-10-20,22.2,18.7,26.7,1.0,,,24.4,,1014.8,
2021-10-21,22.7,18.3,28.4,0.8,,,21.3,,1014.7,
2021-10-22,23.6,18.4,28.0,1.8,,,19.3,,1014.3,
2021-10-23,23.9,19.0,28.8,0.4,,,18.1,,1014.9,
2021-10-24,25.3,21.0,30.2,0.0,,,17.6,,1013.8,
2021-10-25,23.7,19.6,28.7,0.0,,,21.5,,1014.6,
2021-10-26,23.6,18.7,28.8,1.0,,,21.0,,1014.7,
2021-10-27,23.9,18.9,29.6,0.6,,,23.0,,1014.6,
2021-10-28,24.0,18.7,29.8,0.0,,,21.6,,1013.4,
2021-10-29,24.6,19.7,29.8,0.0,,,19.5,,1012.4,
2021-10-30,24.6,19.6,29.3,0.3,,,19.1,,1012.8,
2021-10-31,24.2,21.1,28.4,0.9,,,17.0,,1014.2,
2021-11-01,24.6,21.0,28.6,0.5,,,17.6,,1013.6,
2021-11-02,24.1,20.2,28.6,0.8,,,16.2,,1013.2,
2021-11-03,24.6,21.1,29.3,0.4,,,16.3,,1013.5,
2021-11-04,24.4,19.4,28.9,0.3,,,17.3,,1013.8,
2021-11-05,24.3,20.3,28.8,0.5,,,18.7,,1013.2,
2021-11-06,24.5,19.6,29.6,0.2,,,17.4,,1012.5,
2021-11-07,24.6,19.5,29.9,0.1,,,16.9,,1011.4,
2021-11-08,23.6,18.2,28.6,0.0,,,18.8,,1011.5,
2021-11-09,22.2,18.0,26.1,1.2,,,18.0,,1013.8,
2021-11-10,23.1,19.1,27.2,0.6,,,18.2,,1014.0,
2021-11-11,23.6,20.0,28.1,0.0,,,18.0,,1012.2,
2021-11-12,23.7,19.3,28.1,0.1,,,18.6,,1011.9,
2021-11-13,23.2,19.0,27.4,0.6,,,20.2,,1012.9,
2021-11-14,23.2,19.0,27.8,0.9,,,22.4,,1013.5,
2021-11-15,22.8,18.8,27.2,1.2,,,22.4,,1013.1,
2021-11-16,23.4,18.9,27.9,0.6,,,19.0,,1012.0,
2021-11-17,23.1,19.0,27.2,4.9,,,20.7,,1012.1,
2021-11-18,22.5,18.8,26.6,0.6,,,18.6,,1013.9,
2021-11-19,24.0,19.7,29.3,0.1,,,15.1,,1012.6,
2021-11-20,25.0,20.5,30.1,0.0,,,13.4,,1011.2,
2021-11-21,24.2,19.5,28.7,0.3,,,18.0,,1011.6,
2021-11-22,24.4,19.4,29.4,0.0,,,15.3,,1012.8,
2021-11-23,24.7,21.0,29.0,0.8,,,13.7,,1012.8,
2021-11-24,25.1,21.2,29.1,0.4,,,11.7,,1011.6,
2021-11-25,26.0,21.9,30.6,0.0,,,13.6,,1010.5,
2021-11-26,24.3,20.9,28.0,0.5,,,21.2,,1012.5,
2021-11-27,20.8,18.4,24.0,1.1,,,20.8,,1014.6,
2021-11-28,20.4,18.4,25.2,8.7,,,12.9,,1014.7,
2021-11-29,20.3,18.1,24.7,2.1,,,15.6,,1014.3,
2021-11-30,20.4,17.8,24.3,1.7,,,16.4,,1014.5,
2021-12-01,21.1,17.9,25.0,0.4,,,17.4,,1013.5,
2021-12-02,21.4,18.2,25.5,0.0,,,20.3,,1013.3,
2021-12-03,21.2,17.7,25.2,0.3,,,21.9,,1014.2,
2021-12-04,20.7,18.0,24.7,1.0,,,21.5,,1015.0,
2021-12-05,21.0,17.8,25.5,0.5,,,20.8,,1014.9,
2021-12-06,21.8,18.2,25.6,0.5,,,19.5,,1015.0,
2021-12-07,22.2,19.1,26.1,1.3,,,19.1,,1015.0,
2021-12-08,22.4,18.9,26.5,1.3,,,18.9,,1014.7,
2021-12-09,22.3,18.3,26.2,2.5,,,19.5,,1014.4,
2021-12-10,21.7,18.4,25.7,0.6,,,20.8,,1013.5,
2021-12-11,22.1,18.1,26.5,0.0,,,18.5,,1013.4,
2021-12-12,22.6,18.9,27.5,0.0,,,16.9,,1013.8,
2021-12-13,22.6,18.5,27.4,0.7,,,19.6,,1013.5,
2021-12-14,21.8,17.9,26.6,1.6,,,21.5,,1012.6,
2021-12-15,21.9,18.4,26.6,1.5,,,21.8,,1012.8,
2021-12-16,22.0,18.3,26.2,0.7,,,20.2,,1013.2,
2021-12-17,22.1,18.4,26.2,0.9,,,18.3,,1013.9,
2021-12-18,22.3,18.2,27.6,0.2,,,18.9,,1013.7,
2021-12-19,22.0,18.8,26.7,1.6,,,18.6,,1013.9,
2021-12-20,21.9,18.4,26.0,4.1,,,17.3,,1014.7,
2021-12-21,20.9,18.6,25.2,1.6,,,21.3,,1015.2,
2021-12-22,21.2,18.2,25.2,2.2,,,21.0,,1014.1,
2021-12-23,21.6,18.3,25.7,2.0,,,20.6,,1013.1,
2021-12-24,21.1,18.5,25.1,1.8,,,21.7,,1012.8,
2021-12-25,21.5,18.6,25.0,2.8,,,18.8,,1013.4,
2021-12-26,20.7,18.0,24.8,1.9,,,21.0,,1014.0,
2021-12-27,21.7,18.3,26.1,1.0,,,18.2,,1013.7,
2021-12-28,21.6,17.9,26.1,0.6,,,20.2,,1014.1,
2021-12-29,22.3,18.7,26.9,0.0,,,17.2,,1013.0,
2021-12-30,23.0,19.1,27.7,0.0,,,16.8,,1012.2,
2021-12-31,22.8,18.0,27.0,0.0,,,18.7,,1012.9,
2022-01-01,23.1,19.0,27.8,0.0,,,16.4,,1013.7,
2022-01-02,23.3,19.3,28.1,0.0,,,18.9,,1012.6,
2022-01-03,23.3,19.3,27.9,0.0,,,17.0,,1012.5,
2022-01-04,24.3,20.6,28.7,0.0,,,16.3,,1012.6,
2022-01-05,24.1,21.4,28.5,2.8,,,15.8,,1013.4,
2022-01-06,22.4,18.9,26.4,3.3,,,18.8,,1013.8,
2022-01-07,23.1,19.8,27.4,1.4,,,17.0,,1013.3,
2022-01-08,23.6,19.1,28.4,0.0,,,19.1,,1013.0,
2022-01-09,23.6,19.2,27.5,0.3,,,17.9,,1012.7,
2022-01-10,24.0,19.9,28.6,0.0,,,18.8,,1011.9,
2022-01-11,24.1,19.9,29.5,0.0,,,17.5,,1012.2,
2022-01-12,23.9,19.3,29.0,0.0,,,18.5,,1013.3,
2022-01-13,24.4,20.4,29.9,0.0,,,16.7,,1013.0,
2022-01-14,24.9,20.8,29.7,0.0,,,18.5,,1012.5,
2022-01-15,25.2,20.9,29.6,0.4,,,15.2,,1011.6,
2022-01-16,25.3,21.7,30.0,0.3,,,15.1,,1010.8,
2022-01-17,21.6,18.4,26.5,18.6,,,8.5,,1013.8,
2022-01-18,19.2,17.3,23.1,6.5,,,14.5,,1016.2,
2022-01-19,20.8,17.4,25.2,1.4,,,8.2,,1015.1,
2022-01-20,22.2,18.5,26.0,3.2,,,5.2,,1013.6,
2022-01-21,22.3,18.6,26.6,1.7,,,7.2,,1013.5,
2022-01-22,23.1,20.4,27.7,0.0,,,12.8,,1012.7,
2022-01-23,23.3,19.8,27.8,0.0,,,13.8,,1012.8,
2022-01-24,23.9,20.5,29.4,0.0,,,11.2,,1011.4,
2022-01-25,24.0,20.3,29.3,0.0,,,12.6,,1011.1,
2022-01-26,23.1,19.4,27.5,0.0,,,17.8,,1011.6,
2022-01-27,23.2,19.7,28.0,0.0,,,16.1,,1012.1,
2022-01-28,24.5,20.1,29.7,0.0,,,12.7,,1011.5,
2022-01-29,23.8,19.6,28.3,0.0,,,17.5,,1012.4,
2022-01-30,23.1,19.9,27.1,0.6,,,18.6,,1011.7,
2022-01-31,23.6,19.8,28.4,0.0,,,17.4,,1011.2,
2022-02-01,24.2,21.0,28.5,0.8,,,15.7,,1010.9,
2022-02-02,25.0,22.0,28.7,0.5,,,16.3,,1011.5,
2022-02-03,24.2,19.5,28.3,1.7,,,18.1,,1012.4,
2022-02-04,24.9,20.7,29.6,0.1,,,16.5,,1011.4,
2022-02-05,26.0,21.7,31.1,0.0,,,13.3,,1010.6,
2022-02-06,25.3,20.5,30.0,0.1,,,13.2,,1011.3,
2022-02-07,25.3,20.2,30.2,0.0,,,16.7,,1011.9,
2022-02-08,24.9,19.8,30.0,0.0,,,19.8,,1012.5,
2022-02-09,25.4,20.3,30.6,0.0,,,16.9,,1011.9,
2022-02-10,25.5,20.0,30.7,0.0,,,15.5,,1010.9,
2022-02-11,25.2,20.0,29.6,0.0,,,18.1,,1010.5,
2022-02-12,25.2,20.4,30.3,0.0,,,18.2,,1010.8,
2022-02-13,25.4,20.1,31.0,0.0,,,16.5,,1010.1,
2022-02-14,25.5,22.1,30.6,0.0,,,17.3,,1009.9,
2022-02-15,25.3,20.2,30.5,0.0,,,16.1,,1011.3,
2022-02-16,26.4,21.8,31.6,0.0,,,12.5,,1009.6,
2022-02-17,26.8,21.6,32.8,0.2,,,11.8,,1008.2,
2022-02-18,26.3,22.0,31.0,0.0,,,14.3,,1009.0,
2022-02-19,26.9,22.7,32.1,0.1,,,12.5,,1009.6,
2022-02-20,26.7,22.2,31.8,0.2,,,17.0,,1010.1,
2022-02-21,26.4,22.9,31.6,0.1,,,13.6,,1010.4,
2022-02-22,27.2,23.0,32.8,0.4,,,10.5,,1009.5,
2022-02-23,26.2,22.3,30.6,0.2,,,15.8,,1010.8,
2022-02-24,25.5,21.9,29.0,0.5,,,17.8,,1012.9,
2022-02-25,25.4,19.9,30.5,0.0,,,16.9,,1012.7,
2022-02-26,25.7,21.1,31.2,0.0,,,15.6,,1012.6,
2022-02-27,26.9,22.5,32.2,0.0,,,16.3,,1011.5,
2022-02-28,26.1,21.1,30.9,0.0,,,21.9,,1011.2,
2022-03-01,25.3,20.0,29.9,0.1,,,19.7,,1011.8,
2022-03-02,25.4,20.3,30.3,0.0,,,18.1,,1011.5,
2022-03-03,26.0,21.5,30.3,0.6,,,17.5,,1011.7,
2022-03-04,26.1,22.1,31.0,0.0,,,17.8,,1010.6,
2022-03-05,25.5,20.1,30.3,0.0,,,19.4,,1010.7,
2022-03-06,25.2,19.6,30.4,0.0,,,19.8,,1009.9,
2022-03-07,25.3,20.3,30.1,0.0,,,21.0,,1009.7,
2022-03-08,25.3,20.2,30.7,0.0,,,19.6,,1009.6,
2022-03-09,25.8,21.8,31.1,0.0,,,18.3,,1009.5,
2022-03-10,25.4,19.8,30.5,0.0,,,21.4,,1010.0,
2022-03-11,25.6,21.2,30.7,0.0,,,19.3,,1010.0,
2022-03-12,25.3,19.5,30.4,0.0,,,18.5,,1009.8,
2022-03-13,25.7,21.7,30.2,0.0,,,18.8,,1009.4,
2022-03-14,25.9,21.4,30.6,0.2,,,18.5,,1010.7,
2022-03-15,25.8,20.8,30.3,0.1,,,15.8,,1010.7,
2022-03-16,26.2,22.1,31.0,0.1,,,16.0,,1009.3,
2022-03-17,26.4,21.2,31.1,0.1,,,17.0,,1009.6,
2022-03-18,25.6,21.5,30.1,0.1,,,20.0,,1011.4,
2022-03-19,25.6,21.1,30.5,0.0,,,19.0,,1011.9,
2022-03-20,26.2,20.8,31.2,0.0,,,19.4,,1011.1,
2022-03-21,25.6,20.4,30.3,0.1,,,21.5,,1010.8,
2022-03-22,25.7,20.6,30.6,0.0,,,20.7,,1011.2,
2022-03-23,26.4,20.9,32.2,0.0,,,16.7,,1011.9,
2022-03-24,25.5,20.4,30.1,0.2,,,14.3,,1012.3,
2022-03-25,24.5,21.2,30.2,7.3,,,12.4,,1011.7,
2022-03-26,23.7,19.8,28.1,1.1,,,13.2,,1012.2,
2022-03-27,23.6,20.2,28.1,2.2,,,14.6,,1012.6,
2022-03-28,24.9,21.0,29.6,0.2,,,17.2,,1011.9,
2022-03-29,24.1,19.7,27.9,1.4,,,20.3,,1010.7,
2022-03-30,24.2,20.2,28.5,1.0,,,20.0,,1010.8,
2022-03-31,23.7,19.5,28.1,0.6,,,21.3,,1011.5,
2022-04-01,22.7,19.2,26.8,1.2,,,22.8,,1012.9,
2022-04-02,24.1,19.3,28.9,0.8,,,22.1,,1012.3,
2022-04-03,23.5,18.7,28.0,0.9,,,21.4,,1012.2,
2022-04-04,25.1,21.0,30.3,0.0,,,18.0,,1012.0,
2022-04-05,25.7,21.0,30.6,0.1,,,18.8,,1012.2,
2022-04-06,25.5,20.2,29.9,0.0,,,21.0,,1012.1,
2022-04-07,25.2,20.3,29.8,0.0,,,20.3,,1012.6,
2022-04-08,25.1,21.3,29.8,0.0,,,20.5,,1012.6,
2022-04-09,25.0,20.4,29.7,0.5,,,21.5,,1011.2,
2022-04-10,24.8,19.8,30.0,0.1,,,23.7,,1011.0,
2022-04-11,25.5,20.2,30.6,0.0,,,22.4,,1010.9,
2022-04-12,25.3,20.3,30.0,0.3,,,17.9,,1010.7,
2022-04-13,25.4,20.5,30.0,1.6,,,18.5,,1009.3,
2022-04-14,24.5,19.9,30.0,0.5,,,23.2,,1009.5,
2022-04-15,22.5,19.1,26.9,3.8,,,20.9,,1011.0,
2022-04-16,23.7,19.8,28.5,2.1,,,11.6,,1011.7,
2022-04-17,23.6,18.9,29.0,1.1,,,4.9,,1011.5,
2022-04-18,24.5,20.1,29.7,0.2,,,15.7,,1011.4,
2022-04-19,24.2,19.9,29.1,1.9,,,20.0,,1011.8,
2022-04-20,22.7,18.7,27.7,0.7,,,20.5,,1012.2,
2022-04-21,21.9,18.3,26.2,2.4,,,20.1,,1012.0,
2022-04-22,22.3,18.6,26.8,2.8,,,14.4,,1012.5,
2022-04-23,23.1,19.2,27.4,2.3,,,13.5,,1011.8,
2022-04-24,23.1,19.7,27.4,1.1,,,20.9,,1011.0,
2022-04-25,23.4,19.5,27.7,1.1,,,17.5,,1010.8,
2022-04-26,22.0,18.8,25.5,8.6,,,9.1,,1012.2,
2022-04-27,22.1,18.6,26.3,2.7,,,17.2,,1011.6,
2022-04-28,20.5,18.5,23.5,2.0,,,16.1,,1012.7,
2022-04-29,21.1,18.4,25.0,2.3,,,14.6,,1014.0,
2022-04-30,21.8,18.7,25.8,1.5,,,16.6,,1013.8,
2022-05-01,22.0,18.3,25.9,5.3,,,18.5,,1014.1,
2022-05-02,21.3,18.3,24.9,0.5,,,20.1,,1014.4,
2022-05-03,21.8,18.0,25.8,0.4,,,21.2,,1014.3,
2022-05-04,21.9,17.9,26.0,0.0,,,22.6,,1015.2,
2022-05-05,22.1,18.0,26.3,0.0,,,24.2,,1015.0,
2022-05-06,23.1,18.8,27.7,0.6,,,20.7,,1013.4,
2022-05-07,22.9,18.7,27.4,0.0,,,21.2,,1013.0,
2022-05-08,23.5,19.2,27.6,0.2,,,17.9,,1012.8,
2022-05-09,23.7,18.7,28.7,0.0,,,20.5,,1013.2,
2022-05-10,24.1,19.3,28.7,0.0,,,21.5,,1012.9,
2022-05-11,24.3,19.4,29.3,0.0,,,21.9,,1012.8,
2022-05-12,23.8,19.4,29.1,0.0,,,20.6,,1014.0,
2022-05-13,23.6,18.3,28.6,0.0,,,20.3,,1014.4,
2022-05-14,23.6,18.6,28.5,0.0,,,23.2,,1014.4,
2022-05-15,23.4,18.4,28.4,0.0,,,23.8,,1015.4,
2022-05-16,23.0,18.2,27.7,0.0,,,26.7,,1015.7,
2022-05-17,23.1,18.8,28.8,0.0,,,24.2,,1014.7,
2022-05-18,23.1,18.1,28.7,0.0,,,23.1,,1014.1,
2022-05-19,23.3,17.8,29.3,0.0,,,21.1,,1014.3,
2022-05-20,23.4,18.2,28.9,0.0,,,20.4,,1014.0,
2022-05-21,23.7,18.4,28.8,0.0,,,19.5,,1014.2,
2022-05-22,24.3,18.9,29.5,0.0,,,16.5,,1013.4,
2022-05-23,24.8,19.4,29.9,0.0,,,17.4,,1012.1,
2022-05-24,24.6,19.0,29.7,0.0,,,22.0,,1012.7,
2022-05-25,24.4,19.5,29.2,0.0,,,21.9,,1014.1,
2022-05-28,23.7,18.6,28.7,0.0,,,20.8,,1013.7,
2022-05-29,22.7,18.1,27.9,0.1,,,20.4,,1014.6,
2022-05-30,22.8,18.4,27.3,0.0,,,20.4,,1015.2,
2022-05-31,22.6,18.2,27.0,0.0,,,22.2,,1014.4,
2022-06-01,22.4,18.0,27.0,0.5,,,25.9,,1013.4,
2022-06-02,21.8,17.6,27.7,0.8,,,32.0,,1013.3,
2022-06-03,22.0,17.2,28.0,0.0,,,33.0,,1013.5,
2022-06-04,21.8,16.7,27.2,0.0,,,29.9,,1013.5,
2022-06-05,22.6,17.4,28.2,0.0,,,24.6,,1013.5,
2022-06-06,22.5,17.4,28.3,0.0,,,20.0,,1013.7,
2022-06-07,22.3,17.6,27.4,0.0,,,22.8,,1013.6,
2022-06-08,22.7,18.2,27.4,1.0,,,23.0,,1014.3,
2022-06-09,22.9,18.1,28.0,0.0,,,20.8,,1014.5,
2022-06-10,22.9,18.0,27.9,0.0,,,20.4,,1014.9,
2022-06-11,23.3,17.9,28.9,0.0,,,22.6,,1014.8,
2022-06-12,22.7,18.1,28.0,0.0,,,24.6,,1014.6,
2022-06-13,22.3,17.6,27.2,0.0,,,21.4,,1014.8,
2022-06-14,22.5,17.4,28.3,0.0,,,19.7,,1014.5,
2022-06-15,22.8,17.1,28.2,0.0,,,19.7,,1014.0,
2022-06-16,22.9,18.1,28.2,0.0,,,24.7,,1013.5,
2022-06-17,22.1,17.8,27.1,0.5,,,27.3,,1013.0,
2022-06-18,22.2,17.2,27.4,0.0,,,22.4,,1013.4,
2022-06-19,22.1,16.7,27.2,0.0,,,20.6,,1014.5,
2022-06-20,22.6,17.5,27.1,0.1,,,19.6,,1015.6,
2022-06-21,22.4,17.4,27.7,0.0,,,19.8,,1014.6,
2022-06-22,22.2,16.6,27.9,0.0,,,20.1,,1013.7,
2022-06-23,22.2,17.3,27.1,0.0,,,23.9,,1014.2,
2022-06-24,21.7,17.4,26.0,0.0,,,24.7,,1015.0,
2022-06-25,21.4,16.8,26.6,0.0,,,20.7,,1015.2,
2022-06-26,22.3,16.8,27.6,0.0,,,21.7,,1015.5,
2022-06-27,21.7,16.6,27.2,0.0,,,24.8,,1016.6,
2022-06-28,21.9,16.6,27.1,0.0,,,23.2,,1016.1,
2022-06-29,21.2,16.4,27.3,0.0,,,25.5,,1016.5,
2022-06-30,21.7,16.4,27.7,0.0,,,22.6,,1016.2,
2022-07-01,20.6,16.0,25.6,0.0,,,24.7,,1016.9,
2022-07-02,21.5,16.3,27.0,0.0,,,19.4,,1016.8,
2022-07-03,21.5,15.7,28.0,0.0,,,21.3,,1016.7,
2022-07-04,21.3,15.6,27.4,0.0,,,20.9,,1017.0,
2022-07-05,21.7,15.8,27.8,0.0,,,17.2,,1015.8,
2022-07-06,22.0,16.1,27.7,0.1,,,18.6,,1015.1,
2022-07-07,21.4,16.5,26.3,0.0,,,24.3,,1016.4,
2022-07-08,20.9,16.7,25.5,0.0,,,23.9,,1017.4,
2022-07-09,21.0,16.4,25.6,0.0,,,24.9,,1016.7,
2022-07-10,20.9,16.0,26.2,0.0,,,25.1,,1015.8,
2022-07-11,20.2,16.1,26.3,0.1,,,26.1,,1016.5,
2022-07-12,20.1,15.7,24.3,0.0,,,25.4,,1017.7,
2022-07-13,21.7,16.2,27.6,0.0,,,23.8,,1016.2,
2022-07-14,22.4,16.9,28.6,0.0,,,27.0,,1014.4,
2022-07-15,22.2,17.6,27.3,0.0,,,29.3,,1014.4,
2022-07-16,21.6,16.6,26.7,0.0,,,21.9,,1015.6,
2022-07-17,21.2,16.3,25.7,0.0,,,24.0,,1015.9,
2022-07-18,21.5,16.3,26.9,0.0,,,25.1,,1015.8,
2022-07-19,20.5,16.2,24.4,0.0,,,24.9,,1016.4,
2022-07-20,20.0,15.9,25.2,0.0,,,24.3,,1016.4,
2022-07-21,20.7,15.5,26.4,0.1,,,24.5,,1015.4,
2022-07-22,20.9,15.7,26.6,0.0,,,27.2,,1015.6,
2022-07-23,20.8,15.4,27.6,0.0,,,24.6,,1015.7,
2022-07-24,21.3,15.6,27.8,0.0,,,21.5,,1014.7,
2022-07-25,21.2,15.8,27.5,0.0,,,24.2,,1014.8,
2022-07-26,21.1,15.9,26.1,0.0,,,25.2,,1014.7,
2022-07-27,20.7,15.6,26.1,0.0,,,22.6,,1014.2,
2022-07-28,21.1,16.1,25.6,0.0,,,21.8,,1014.5,
2022-07-29,21.4,16.9,25.4,0.0,,,20.2,,1015.2,
2022-07-30,21.5,16.2,26.8,0.0,,,21.8,,1015.3,
2022-07-31,21.4,17.0,24.7,0.0,,,18.5,,1015.2,
2022-08-01,21.9,17.1,27.2,0.0,,,21.2,,1015.5,
2022-08-02,21.1,17.3,25.6,0.1,,,18.1,,1016.4,
2022-08-03,21.4,16.7,26.4,0.0,,,19.3,,1015.4,
2022-08-04,20.6,16.4,25.1,0.0,,,24.8,,1016.0,
2022-08-05,20.7,15.9,25.6,0.0,,,23.6,,1016.0,
2022-08-06,21.3,15.6,27.7,0.0,,,21.9,,1015.0,
2022-08-07,21.1,15.4,26.7,0.0,,,24.5,,1014.2,
2022-08-08,20.9,15.6,26.1,0.0,,,23.0,,1014.6,
2022-08-09,21.6,15.9,27.3,0.0,,,21.5,,1014.6,
2022-08-10,22.2,17.1,27.8,0.0,,,23.7,,1014.2,
2022-08-11,20.5,16.2,25.3,0.3,,,25.5,,1015.0,
2022-08-12,20.7,16.1,25.9,0.0,,,24.0,,1015.0,
2022-08-13,20.9,16.2,25.8,0.0,,,20.5,,1014.5,
2022-08-14,21.9,16.7,27.6,0.0,,,20.4,,1013.6,
2022-08-15,21.2,17.6,25.1,0.0,,,19.6,,1013.9,
2022-08-16,22.9,17.7,28.1,0.0,,,18.4,,1013.8,
2022-08-17,22.1,16.3,27.6,0.0,,,25.0,,1013.6,
2022-08-18,21.6,16.2,26.4,0.0,,,21.6,,1014.2,
2022-08-19,22.1,16.4,27.9,0.0,,,21.7,,1014.4,
2022-08-20,23.6,16.9,30.0,0.0,,,13.6,,1014.8,
2022-08-21,23.5,17.6,28.9,0.0,,,17.7,,1014.5,
2022-08-22,21.9,16.6,27.5,0.0,,,28.4,,1014.5,
2022-08-23,21.1,15.2,27.3,0.0,,,25.8,,1015.3,
2022-08-24,21.8,16.6,26.5,0.0,,,25.4,,1015.9,
2022-08-25,21.3,16.1,25.8,0.0,,,21.9,,1015.4,
2022-08-26,21.0,16.0,26.3,0.0,,,23.1,,1014.0,
2022-08-27,20.9,16.6,26.2,0.0,,,24.9,,1014.3,
2022-08-28,21.8,16.4,27.1,0.0,,,19.3,,1014.2,
2022-08-29,22.2,16.6,27.8,0.0,,,19.8,,1014.4,
2022-08-30,22.7,16.5,28.4,0.0,,,22.0,,1014.1,
2022-08-31,22.3,16.5,27.8,0.0,,,24.6,,1014.2,
2022-09-01,21.8,16.4,27.3,0.0,,,22.8,,1014.5,
2022-09-02,21.5,16.1,26.7,0.0,,,22.6,,1014.8,
2022-09-03,21.8,16.3,26.9,0.0,,,21.8,,1015.8,
2022-09-04,22.5,16.6,28.0,0.0,,,17.0,,1016.0,
2022-09-05,23.5,17.3,29.4,0.1,,,14.2,,1015.8,
2022-09-06,24.0,18.3,30.3,0.0,,,13.6,,1014.8,
2022-09-07,22.4,17.5,28.0,0.0,,,20.1,,1014.7,
2022-09-08,21.9,17.7,26.0,0.0,,,22.1,,1014.8,
2022-09-09,22.6,16.9,29.5,0.0,,,23.1,,1014.2,
2022-09-10,22.9,16.7,28.9,0.0,,,22.5,,1014.9,
2022-09-11,22.5,16.9,28.5,0.0,,,22.7,,1014.6,
2022-09-12,22.9,17.0,28.3,0.0,,,20.6,,1013.2,
2022-09-13,23.1,17.5,28.9,0.0,,,20.5,,1013.5,
2022-09-14,22.6,17.2,27.7,0.0,,,21.7,,1015.2,
2022-09-15,22.2,16.8,27.8,0.0,,,25.9,,1015.9,
2022-09-16,22.6,17.0,28.6,0.0,,,26.1,,1015.2,
2022-09-17,21.6,16.5,27.6,0.0,,,23.2,,1014.6,
2022-09-18,23.0,17.0,29.1,0.0,,,21.4,,1014.1,
2022-09-19,23.0,17.3,28.7,0.0,,,25.0,,1014.6,
2022-09-20,21.6,17.4,26.8,1.8,,,25.1,,1014.5,
2022-09-21,22.7,17.8,28.7,0.0,,,21.3,,1013.5,
2022-09-22,23.1,17.4,28.4,0.0,,,23.8,,1013.2,
2022-09-23,22.8,17.0,28.5,0.0,,,25.2,,1013.7,
2022-09-24,23.1,17.4,29.3,0.0,,,25.7,,1013.6,
2022-09-25,23.1,17.7,28.8,0.0,,,25.4,,1013.2,
2022-09-26,23.0,17.8,28.3,0.2,,,27.4,,1013.8,
2022-09-27,22.4,16.9,27.9,0.0,,,28.4,,1014.2,
2022-09-28,23.0,16.9,29.0,0.0,,,24.0,,1013.9,
2022-09-29,22.9,16.8,28.5,0.0,,,23.8,,1013.3,
2022-09-30,22.6,16.8,29.0,0.0,,,23.6,,1014.2,
2022-10-01,23.2,17.3,29.0,0.0,,,21.4,,1014.8,
2022-10-02,23.1,17.2,29.0,0.0,,,22.1,,1014.0,
2022-10-03,22.7,16.4,28.4,0.0,,,21.6,,1013.2,
2022-10-04,23.2,17.0,29.0,0.0,,,20.5,,1013.4,
2022-10-05,23.5,17.8,29.2,0.0,,,21.8,,1014.2,
2022-10-06,23.0,18.3,27.7,0.0,,,23.8,,1014.2,
2022-10-07,21.9,17.3,26.7,0.6,,,24.7,,1013.5,
2022-10-08,22.5,16.8,27.3,0.0,,,25.2,,1013.7,
2022-10-09,23.0,17.9,28.3,0.0,,,26.0,,1014.5,
2022-10-10,22.8,17.4,28.8,0.0,,,24.4,,1015.5,
2022-10-11,22.6,16.7,27.8,0.0,,,23.8,,1015.2,
2022-10-12,22.8,16.7,28.5,0.0,,,21.4,,1014.9,
2022-10-13,22.9,16.8,28.4,0.0,,,23.2,,1014.1,
2022-10-14,22.9,17.1,27.5,0.0,,,23.2,,1013.4,
2022-10-15,23.0,17.5,28.6,0.0,,,22.5,,1012.9,
2022-10-16,23.1,17.7,28.0,0.0,,,22.8,,1013.8,
2022-10-17,22.9,17.9,27.8,0.6,,,21.9,,1015.0,
2022-10-18,22.6,18.3,27.8,2.6,,,21.7,,1015.5,
2022-10-19,22.3,17.7,27.7,1.3,,,23.4,,1014.7,
2022-10-20,22.9,17.9,28.1,0.0,,,24.3,,1013.7,
2022-10-21,22.5,17.3,28.0,1.1,,,24.7,,1014.2,
2022-10-22,22.8,17.3,27.5,0.0,,,21.6,,1015.4,
2022-10-23,23.1,17.9,27.5,0.0,,,22.3,,1016.0,
2022-10-24,23.4,18.6,28.4,0.3,,,19.4,,1014.6,
2022-10-25,23.2,19.3,27.9,1.4,,,22.1,,1013.4,
2022-10-26,23.4,18.6,28.4,0.4,,,21.0,,1013.6,
2022-10-27,22.6,18.5,26.9,1.4,,,21.5,,1014.3,
2022-10-28,21.9,18.6,26.8,0.7,,,19.6,,1013.8,
2022-10-29,22.2,18.9,26.6,1.2,,,19.3,,1013.0,
2022-10-30,21.2,18.0,25.3,0.2,,,20.0,,1013.7,
2022-10-31,22.0,18.2,26.8,2.1,,,19.2,,1013.8,
2022-11-01,21.8,18.0,26.6,0.4,,,22.4,,1014.7,
2022-11-02,20.6,17.7,24.3,1.6,,,24.3,,1014.8,
2022-11-03,21.1,17.8,25.7,1.5,,,21.2,,1014.0,
2022-11-04,21.7,17.7,25.8,0.2,,,18.8,,1013.9,
2022-11-05,21.7,18.2,26.4,2.3,,,20.4,,1014.2,
2022-11-06,21.5,17.5,26.8,1.0,,,20.3,,1015.0,
2022-11-07,22.1,18.4,26.4,0.7,,,20.8,,1015.0,
2022-11-08,22.5,17.9,27.1,0.2,,,20.3,,1014.4,
2022-11-09,23.2,19.0,27.6,0.4,,,18.5,,1013.4,
2022-11-10,22.5,19.2,26.6,0.3,,,20.6,,1013.3,
2022-11-11,21.0,17.9,23.7,0.7,,,20.1,,1014.4,
2022-11-12,22.4,18.2,26.8,0.3,,,16.9,,1014.6,
2022-11-13,22.7,18.5,27.4,1.1,,,16.9,,1014.6,
2022-11-14,22.2,18.6,26.3,0.4,,,17.2,,1014.5,
2022-11-15,22.1,18.3,26.2,1.1,,,17.6,,1014.1,
2022-11-16,21.8,18.1,25.5,0.7,,,18.5,,1013.3,
2022-11-17,22.2,17.9,26.7,0.7,,,17.5,,1013.3,
2022-11-18,22.9,17.9,28.3,0.0,,,17.4,,1013.3,
2022-11-19,22.1,17.4,26.4,0.8,,,19.0,,1013.7,
2022-11-20,22.7,18.0,27.6,0.0,,,15.4,,1013.5,
2022-11-21,22.5,18.7,27.0,3.7,,,20.1,,1012.8,
2022-11-22,23.0,19.0,28.1,0.0,,,19.7,,1013.0,
2022-11-23,20.9,18.1,23.9,0.8,,,20.6,,1014.2,
2022-11-24,21.2,17.9,26.1,2.2,,,23.0,,1014.1,
2022-11-25,21.4,17.5,26.0,1.4,,,23.0,,1013.6,
2022-11-26,21.9,17.9,26.3,0.5,,,21.6,,1012.9,
2022-11-27,21.6,18.3,25.7,1.1,,,19.6,,1011.8,
2022-11-28,21.8,18.4,25.8,0.3,,,20.5,,1011.1,
2022-11-29,22.1,18.7,26.3,0.6,,,20.9,,1011.2,
2022-11-30,21.9,18.1,26.5,0.2,,,21.9,,1011.6,
2022-12-01,22.5,18.2,27.0,0.5,,,19.1,,1012.3,
2022-12-02,23.0,18.6,27.2,0.4,,,19.6,,1012.0,
2022-12-03,21.4,18.5,24.7,1.7,,,24.5,,1011.9,
2022-12-04,21.7,18.2,26.1,1.3,,,18.2,,1013.2,
2022-12-05,22.6,18.8,27.2,0.0,,,16.8,,1013.7,
2022-12-06,23.1,19.3,27.6,0.1,,,16.5,,1013.0,
2022-12-07,23.2,18.9,27.2,0.3,,,20.0,,1012.5,
2022-12-08,22.3,18.7,26.5,0.4,,,20.8,,1013.6,
2022-12-09,22.6,17.9,27.8,1.0,,,13.8,,1013.7,
2022-12-10,22.0,18.1,26.0,3.3,,,11.2,,1013.5,
2022-12-11,22.3,19.1,26.7,0.3,,,15.4,,1013.4,
2022-12-12,22.1,18.7,26.7,2.3,,,18.2,,1012.7,
2022-12-13,22.1,18.7,26.0,1.1,,,19.8,,1013.0,
2022-12-14,22.7,19.1,26.7,0.0,,,16.8,,1013.0,
2022-12-15,22.7,18.9,26.6,5.0,,,14.8,,1012.2,
2022-12-16,23.0,19.4,26.8,1.4,,,16.4,,1011.5,
2022-12-17,23.0,19.7,27.1,0.0,,,16.6,,1011.2,
2022-12-18,23.8,20.3,28.3,0.0,,,16.7,,1011.3,
2022-12-19,23.9,20.8,28.6,0.0,,,16.5,,1011.0,
2022-12-20,24.7,20.4,29.6,0.0,,,15.2,,1010.1,
2022-12-21,24.5,22.1,28.1,0.5,,,16.7,,1011.3,
2022-12-22,23.9,20.5,27.8,0.2,,,14.7,,1011.6,
2022-12-23,23.4,20.6,26.6,1.2,,,14.3,,1012.4,
2022-12-24,23.6,19.5,28.1,0.1,,,14.4,,1012.8,
2022-12-25,23.5,20.3,28.0,0.2,,,13.0,,1013.8,
2022-12-26,23.9,20.6,28.2,0.5,,,15.8,,1013.7,
2022-12-27,23.0,20.2,26.6,0.3,,,17.1,,1014.5,
2022-12-28,22.8,19.8,26.9,0.5,,,15.8,,1014.6,
2022-12-29,23.4,19.4,28.1,0.0,,,16.7,,1014.1,
2022-12-30,23.4,19.7,28.2,0.0,,,17.5,,1015.3,
2022-12-31,23.9,20.2,28.2,0.0,,,16.6,,1015.1,
2023-01-01,22.8,19.6,27.8,0.0,,,19.6,,1015.3,
2023-01-02,20.9,18.5,25.0,3.7,,,18.3,,1015.6,
2023-01-03,20.8,16.8,25.4,1.8,,,16.8,,1016.2,
2023-01-04,22.3,18.7,27.3,0.0,,,16.1,,1014.9,
2023-01-05,22.5,18.5,27.8,0.0,,,13.5,,1014.5,
2023-01-06,24.1,20.5,28.7,0.0,,,15.3,,1013.9,
2023-01-07,23.9,20.0,27.9,0.0,,,17.1,,1013.6,
2023-01-08,24.0,19.0,28.0,0.7,,,19.7,,1013.3,
2023-01-09,23.9,19.3,28.1,1.1,,,19.6,,1014.3,
2023-01-10,24.0,20.6,28.1,0.2,,,20.0,,1014.9,
2023-01-11,23.8,18.4,28.4,0.0,,,21.2,,1013.9,
2023-01-12,24.1,19.7,28.8,0.1,,,24.2,,1012.7,
2023-01-13,24.1,20.1,28.8,0.0,,,22.9,,1012.8,
2023-01-14,24.0,20.7,28.8,0.0,,,21.7,,1013.2,
2023-01-15,24.8,20.3,30.0,0.0,,,21.6,,1012.4,
2023-01-16,24.6,20.3,28.8,0.2,,,20.5,,1012.8,
2023-01-17,24.6,21.3,29.4,0.0,,,23.2,,1012.8,
2023-01-18,25.5,21.1,30.8,0.0,,,19.9,,1012.3,
2023-01-19,25.8,21.4,31.0,0.0,,,22.0,,1012.0,
2023-01-20,25.3,21.7,30.1,0.0,,,20.9,,1011.8,
2023-01-21,25.8,21.7,30.5,0.0,,,21.2,,1011.0,
2023-01-22,25.6,21.6,29.4,0.2,,,20.0,,1011.2,
2023-01-23,24.7,19.9,29.2,0.0,,,20.6,,1011.5,
2023-01-24,24.4,19.6,29.1,0.0,,,22.3,,1012.2,
2023-01-25,24.8,20.2,29.7,0.0,,,22.3,,1011.0,
2023-01-26,26.2,20.9,31.3,0.0,,,21.0,,1009.9,
2023-01-27,25.1,20.1,29.7,0.0,,,23.4,,1011.2,
2023-01-28,24.4,19.2,29.7,0.0,,,21.0,,1011.6,
2023-01-29,24.7,19.9,29.9,0.0,,,22.5,,1011.6,
2023-01-30,24.6,19.4,29.7,0.0,,,25.4,,1012.3,
2023-01-31,24.6,21.1,28.9,0.1,,,22.7,,1012.8,
2023-02-01,25.0,20.3,30.3,0.0,,,23.1,,1012.8,
2023-02-02,25.8,20.5,32.2,0.0,,,22.0,,1012.5,
2023-02-03,25.8,22.1,30.4,0.0,,,19.1,,1012.8,
2023-02-04,25.3,22.1,30.1,0.0,,,20.8,,1012.0,
2023-02-05,25.5,22.0,30.6,0.0,,,20.6,,1011.2,
2023-02-06,25.7,21.5,31.2,0.0,,,19.8,,1011.1,
2023-02-07,25.1,21.1,30.1,0.0,,,20.9,,1011.5,
2023-02-08,25.6,21.9,30.8,0.0,,,20.1,,1011.6,
2023-02-09,25.1,19.8,30.1,0.0,,,23.8,,1012.4,
2023-02-10,25.8,21.5,31.1,0.0,,,21.8,,1012.5,
2023-02-11,25.8,20.7,30.8,0.0,,,24.5,,1013.0,
2023-02-12,25.4,20.4,30.1,0.0,,,25.0,,1013.1,
2023-02-13,24.7,19.2,30.1,0.0,,,21.9,,1013.3,
2023-02-14,24.8,19.4,29.8,0.0,,,23.0,,1012.4,
2023-02-15,25.7,21.3,30.4,0.0,,,21.1,,1010.2,
2023-02-16,25.7,20.8,30.5,0.0,,,23.2,,1010.4,
2023-02-17,24.7,18.8,29.4,0.1,,,26.1,,1012.0,
2023-02-18,25.0,19.8,29.9,0.0,,,23.5,,1012.1,
2023-02-19,24.5,19.3,29.4,0.3,,,24.2,,1012.7,
2023-02-20,25.3,21.0,30.0,0.0,,,23.1,,1012.9,
2023-02-21,25.1,19.7,29.9,0.0,,,24.5,,1013.2,
2023-02-22,25.2,20.5,30.0,0.0,,,23.2,,1012.4,
2023-02-23,25.1,21.8,30.0,0.0,,,23.1,,1011.6,
2023-02-24,25.6,20.5,31.1,0.5,,,25.5,,1011.9,
2023-02-25,25.1,18.9,30.0,0.0,,,25.9,,1012.8,
2023-02-26,25.6,21.2,30.6,0.0,,,22.5,,1013.1,
2023-02-27,25.4,19.8,29.9,0.0,,,24.6,,1013.9,
2023-02-28,25.4,19.9,30.6,0.0,,,22.8,,1014.1,
2023-03-01,26.0,20.6,31.7,0.0,,,22.5,,1013.2,
2023-03-02,26.1,22.1,30.7,0.0,,,23.5,,1012.8,
2023-03-03,26.2,20.5,31.7,0.0,,,22.3,,1013.0,
2023-03-04,26.0,19.9,31.0,0.0,,,23.2,,1013.8,
2023-03-05,25.3,19.3,30.2,0.0,,,24.5,,1014.3,
2023-03-06,25.3,20.5,29.5,0.0,,,25.2,,1012.6,
2023-03-07,25.5,20.3,30.2,0.1,,,25.7,,1011.1,
2023-03-08,25.6,20.8,30.3,0.0,,,24.4,,1010.9,
2023-03-09,26.1,21.4,30.9,0.0,,,23.6,,1010.6,
2023-03-10,26.0,20.9,30.8,0.0,,,22.6,,1010.3,
2023-03-11,25.9,21.6,30.1,0.0,,,25.6,,1009.8,
2023-03-12,25.2,20.9,29.9,0.0,,,25.1,,1010.6,
2023-03-13,25.0,20.7,29.2,1.1,,,20.1,,1010.5,
2023-03-14,22.7,18.6,26.5,3.3,,,21.2,,1011.0,
2023-03-15,21.7,19.7,26.0,16.4,,,11.1,,1011.7,
2023-03-16,22.4,19.8,25.9,3.6,,,12.5,,1011.4,
2023-03-17,21.4,19.0,24.8,2.0,,,18.0,,1012.1,
2023-03-18,20.8,18.2,24.3,3.1,,,16.0,,1013.5,
2023-03-19,22.9,18.9,26.8,1.2,,,10.8,,1012.9,
2023-03-20,21.9,18.6,25.8,11.2,,,14.0,,1012.9,
2023-03-21,21.4,18.6,26.0,13.0,,,9.1,,1012.4,
2023-03-22,22.3,19.0,26.3,6.5,,,17.4,,1011.6,
2023-03-23,21.3,17.9,26.6,2.8,,,16.1,,1012.9,
2023-03-24,22.2,18.4,26.3,1.8,,,12.1,,1012.5,
2023-03-25,22.5,18.6,27.2,5.6,,,18.8,,1012.1,
2023-03-26,19.9,18.6,22.4,17.7,,,11.8,,1014.0,
2023-03-27,21.9,18.0,26.1,1.9,,,8.6,,1013.0,
2023-03-28,22.2,19.1,27.4,1.9,,,16.3,,1013.0,
2023-03-29,21.8,18.4,26.4,0.8,,,19.9,,1014.0,
2023-03-30,21.9,18.9,27.0,2.3,,,17.1,,1013.4,
2023-03-31,21.9,17.9,26.4,1.0,,,26.2,,1012.5,
2023-04-01,23.4,19.4,28.3,0.8,,,22.7,,1013.0,
2023-04-02,23.6,19.2,27.9,0.2,,,24.5,,1012.2,
2023-04-03,21.9,18.3,27.3,0.0,,,19.5,,1011.9,
2023-04-04,21.7,17.7,26.4,1.9,,,27.4,,1012.3,
2023-04-05,21.2,19.0,25.7,1.6,,,22.1,,1012.7,
2023-04-06,21.6,17.7,26.8,0.0,,,27.3,,1012.8,
2023-04-07,21.7,18.8,26.2,0.0,,,24.4,,1012.5,
2023-04-08,20.7,18.5,24.3,2.0,,,28.6,,1013.7,
2023-04-09,21.4,18.7,25.5,1.9,,,23.6,,1013.9,
2023-04-10,22.6,18.6,26.6,2.4,,,22.5,,1012.7,
2023-04-11,21.4,18.5,25.6,1.4,,,30.2,,1012.7,
2023-04-12,20.7,18.7,24.4,0.2,,,27.8,,1013.0,
2023-04-13,20.7,18.2,25.3,0.5,,,27.3,,1014.4,
2023-04-14,21.2,18.1,25.5,1.7,,,23.7,,1014.4,
2023-04-15,21.9,19.0,25.9,0.5,,,23.2,,1013.1,
2023-04-16,19.4,18.0,21.5,10.1,,,23.8,,1013.3,
2023-04-17,20.9,18.0,26.3,3.1,,,24.3,,1011.9,
2023-04-18,20.7,18.2,24.4,2.5,,,25.3,,1013.9,
2023-04-19,21.5,18.6,26.7,0.5,,,26.1,,1013.1,
2023-04-20,22.1,18.7,26.7,0.0,,,25.4,,1010.6,
2023-04-21,22.6,19.3,27.3,1.2,,,24.2,,1008.6,
2023-04-22,22.4,19.2,27.8,2.8,,,25.1,,1009.7,
2023-04-23,21.4,18.5,24.9,3.6,,,18.7,,1012.0,
2023-04-24,22.7,19.5,26.4,12.3,,,17.5,,1011.9,
2023-04-25,21.1,19.0,24.5,3.2,,,20.1,,1013.3,
2023-04-26,21.4,18.0,25.4,2.5,,,17.6,,1012.8,
2023-04-27,21.7,17.8,26.8,3.8,,,22.0,,1012.0,
2023-04-28,21.2,18.4,25.7,4.9,,,23.2,,1013.2,
2023-04-29,21.3,18.1,25.7,0.0,,,19.0,,1012.9,
2023-04-30,20.3,17.6,24.1,21.2,,,13.2,,1013.6,
2023-05-01,20.4,16.8,24.1,10.5,,,14.1,,1014.4,
2023-05-02,21.3,17.9,26.3,2.2,,,14.4,,1014.3,
2023-05-03,20.8,17.5,25.2,0.4,,,28.7,,1015.8,
2023-05-04,21.1,17.9,25.0,1.2,,,23.3,,1016.3,
2023-05-05,21.6,18.3,25.9,3.4,,,24.7,,1015.7,
2023-05-06,21.0,18.0,25.7,0.3,,,26.8,,1014.8,
2023-05-07,21.5,18.0,25.7,0.8,,,27.9,,1014.4,
2023-05-08,21.6,18.3,25.8,0.3,,,28.8,,1014.1,
2023-05-09,21.3,17.6,26.0,0.4,,,34.8,,1013.7,
2023-05-10,21.2,17.4,26.5,1.7,,,32.4,,1013.7,
2023-05-11,21.6,17.5,26.3,0.0,,,32.3,,1014.7,
2023-05-12,22.3,18.0,27.4,0.0,,,33.0,,1014.8,
2023-05-13,22.3,18.3,27.4,0.0,,,32.6,,1015.5,
2023-05-14,22.7,18.7,27.5,0.0,,,29.5,,1015.5,
2023-05-15,22.6,18.2,28.0,0.0,,,28.0,,1014.9,
2023-05-16,22.6,18.0,27.6,0.0,,,29.1,,1014.8,
2023-05-17,22.5,17.8,26.9,0.0,,,32.7,,1014.5,
2023-05-18,22.4,18.0,27.3,1.1,,,31.7,,1015.0,
2023-05-19,22.8,18.4,27.8,0.0,,,30.1,,1014.7,
2023-05-20,23.1,18.4,28.2,0.0,,,26.1,,1013.9,
2023-05-21,23.2,18.5,28.1,0.0,,,27.4,,1013.4,
2023-05-22,22.7,18.6,27.8,0.5,,,31.2,,1013.8,
2023-05-23,22.2,18.2,27.2,0.3,,,33.0,,1014.4,
2023-05-24,22.0,17.3,27.2,0.0,,,30.8,,1014.6,
2023-05-25,22.2,17.2,26.7,0.0,,,31.8,,1014.7,
2023-05-26,22.2,17.0,26.3,1.2,,,32.8,,1014.6,
2023-05-27,21.3,17.5,26.9,0.0,,,38.6,,1014.6,
2023-05-28,21.4,16.8,26.8,0.3,,,32.9,,1014.8,
2023-05-29,21.3,16.9,26.2,1.2,,,28.6,,1015.7,
2023-05-30,21.8,17.0,26.8,0.1,,,28.8,,1015.8,
2023-05-31,22.4,16.9,27.6,0.4,,,29.7,,1015.6,
2023-06-01,22.2,17.4,27.8,0.0,,,31.6,,1015.0,
2023-06-02,21.9,17.2,27.6,2.9,,,34.0,,1015.2,
2023-06-03,22.0,17.6,27.0,0.1,,,33.6,,1015.5,
2023-06-04,21.4,17.3,26.4,0.0,,,33.6,,1015.6,
2023-06-05,22.3,17.2,27.6,0.0,,,30.4,,1014.9,
2023-06-06,21.8,17.3,26.8,2.5,,,31.3,,1015.5,
2023-06-07,22.0,16.8,27.2,0.0,,,29.3,,1015.5,
2023-06-08,23.2,18.1,28.4,0.0,,,25.5,,1015.3,
2023-06-09,22.0,17.2,27.4,0.2,,,32.8,,1015.1,
2023-06-10,22.3,17.3,27.8,0.0,,,27.7,,1014.8,
2023-06-11,22.9,18.4,28.7,0.0,,,24.9,,1015.1,
2023-06-12,23.0,18.6,28.0,0.0,,,26.0,,1014.2,
2023-06-13,22.2,16.0,28.3,0.0,,,29.1,,1014.2,
2023-06-14,23.1,17.0,28.8,0.0,,,26.1,,1014.8,
2023-06-15,23.0,16.7,28.5,0.0,,,26.7,,1015.5,
2023-06-16,23.1,16.6,29.2,0.0,,,28.0,,1014.4,
2023-06-17,22.3,15.7,27.0,0.0,,,33.3,,1014.7,
2023-06-18,22.4,17.0,28.9,0.0,,,32.9,,1015.0,
2023-06-19,22.1,17.2,28.0,0.0,,,31.5,,1014.7,
2023-06-20,22.4,16.6,29.2,0.0,,,29.8,,1014.3,
2023-06-21,22.0,16.6,27.7,0.0,,,29.1,,1014.2,
2023-06-22,21.8,16.2,27.2,0.0,,,32.2,,1014.3,
2023-06-23,20.5,15.7,25.1,0.0,,,29.4,,1015.5,
2023-06-24,21.5,15.6,26.2,0.0,,,25.2,,1015.3,
2023-06-25,22.2,16.1,28.7,0.0,,,28.6,,1013.9,
2023-06-26,21.0,15.4,26.8,0.0,,,31.5,,1014.4,
2023-06-27,21.2,15.5,26.0,0.0,,,26.4,,1014.9,
2023-06-28,22.1,16.3,27.2,0.0,,,29.2,,1015.5,
2023-06-29,21.6,16.5,27.5,0.0,,,33.8,,1016.0,
2023-06-30,20.9,15.6,26.8,0.5,,,35.9,,1016.5,
2023-07-01,20.4,15.5,26.7,0.2,,,35.7,,1017.2,
2023-07-02,19.9,14.9,26.4,1.1,,,34.3,,1018.3,
2023-07-03,19.5,15.1,25.1,2.0,,,35.9,,1018.6,
2023-07-04,19.3,14.8,24.2,3.3,,,38.5,,1018.1,
2023-07-05,20.1,15.0,25.5,0.0,,,30.3,,1016.5,
2023-07-06,20.5,14.8,26.8,0.0,,,33.5,,1016.0,
2023-07-07,20.4,15.1,25.1,0.0,,,35.2,,1017.3,
2023-07-08,20.4,15.9,26.2,0.0,,,33.3,,1017.4,
2023-07-09,21.2,16.2,26.9,0.0,,,31.8,,1016.4,
2023-07-10,21.4,15.8,27.6,0.0,,,30.3,,1015.6,
2023-07-11,22.2,17.0,28.3,0.0,,,31.2,,1015.4,
2023-07-12,22.4,17.0,28.7,0.0,,,35.7,,1015.4,
2023-07-13,21.2,15.5,27.6,0.0,,,36.0,,1015.9,
2023-07-14,21.2,15.4,27.3,0.0,,,35.9,,1016.4,
2023-07-15,20.9,15.6,26.9,0.0,,,35.6,,1016.6,
2023-07-16,20.7,14.8,27.1,0.0,,,31.5,,1017.2,
2023-07-17,20.7,15.2,27.1,0.0,,,34.1,,1017.4,
2023-07-18,21.2,16.0,27.6,0.0,,,35.2,,1017.1,
2023-07-19,21.7,16.0,28.7,0.0,,,32.5,,1015.8,
2023-07-20,22.2,15.6,28.5,0.3,,,27.4,,1015.8,
2023-07-21,22.3,16.1,29.2,0.0,,,30.8,,1016.8,
2023-07-22,22.4,16.2,28.8,0.0,,,34.6,,1018.1,
2023-07-23,20.9,16.2,26.3,0.3,,,34.7,,1017.9,
2023-07-24,21.2,15.5,26.5,0.0,,,30.4,,1016.2,
2023-07-25,20.9,15.6,26.1,0.0,,,32.2,,1015.5,
2023-07-26,20.7,14.8,26.9,0.0,,,31.1,,1016.3,
2023-07-27,21.7,15.3,27.9,0.0,,,27.7,,1016.8,
2023-07-28,21.2,15.2,26.9,0.0,,,33.7,,1017.2,
2023-07-29,20.8,15.3,27.6,0.0,,,30.8,,1016.9,
2023-07-30,21.1,15.8,27.1,0.0,,,27.2,,1016.0,
2023-07-31,21.9,15.8,29.7,1.9,,,25.4,,1015.6,
2023-08-01,21.8,16.3,27.1,0.1,,,25.6,,1016.5,
2023-08-02,20.6,15.8,26.2,0.4,,,37.2,,1018.1,
2023-08-03,20.2,16.2,25.8,0.0,,,36.9,,1019.0,
2023-08-04,20.7,15.2,29.6,0.1,,,36.8,,1018.7,
2023-08-05,21.8,15.4,29.9,0.0,,,34.2,,1018.7,
2023-08-06,21.3,15.7,28.0,0.0,,,35.3,,1018.7,
2023-08-07,21.6,15.6,28.1,0.0,,,35.4,,1017.1,
2023-08-08,21.3,14.8,27.6,0.0,,,31.6,,1016.0,
2023-08-09,21.2,15.4,26.6,0.0,,,30.6,,1016.5,
2023-08-10,21.9,15.8,27.9,0.0,,,30.2,,1016.8,
2023-08-11,22.1,15.5,28.7,0.0,,,31.3,,1015.6,
2023-08-12,22.5,17.5,28.6,0.0,,,32.1,,1015.3,
2023-08-13,22.6,17.7,28.6,0.0,,,28.7,,1015.3,
2023-08-14,22.6,16.6,28.7,0.0,,,34.8,,1015.4,
2023-08-15,22.1,17.0,29.1,0.0,,,38.0,,1015.4,
2023-08-16,21.4,16.2,27.8,0.0,,,32.0,,1015.5,
2023-08-17,22.2,17.6,28.6,0.0,,,35.1,,1014.9,
2023-08-18,21.7,15.0,28.4,0.0,,,36.2,,1015.4,
2023-08-19,22.2,16.6,28.1,0.0,,,33.1,,1014.8,
2023-08-20,22.9,17.3,29.2,0.0,,,35.4,,1013.5,
2023-08-21,22.7,17.2,28.6,0.0,,,39.1,,1013.2,
2023-08-22,22.4,17.8,28.3,0.2,,,34.5,,1013.6,
2023-08-23,22.0,16.7,28.1,0.0,,,36.3,,1013.5,
2023-08-24,22.0,15.6,28.4,0.0,,,36.7,,1013.8,
2023-08-25,22.5,17.6,28.7,0.0,,,36.6,,1013.3,
2023-08-26,22.6,17.6,29.3,0.0,,,37.8,,1014.0,
2023-08-27,22.7,17.7,29.4,0.0,,,35.7,,1014.8,
2023-08-28,22.7,16.8,28.7,0.0,,,36.8,,1016.5,
2023-08-29,22.4,17.3,29.1,0.0,,,37.5,,1015.8,
2023-08-30,21.3,16.0,28.1,0.8,,,37.3,,1016.2,
2023-08-31,21.9,16.4,27.1,2.1,,,30.5,,1016.3,
2023-09-01,22.6,16.1,29.7,0.0,,,30.7,,1015.5,
2023-09-02,22.8,15.9,29.6,0.0,,,31.4,,1015.2,
2023-09-03,22.5,16.9,28.4,0.0,,,34.6,,1014.1,
2023-09-04,22.3,16.2,29.2,0.0,,,37.8,,1013.2,
2023-09-05,22.6,16.2,29.4,0.0,,,31.4,,1013.8,
2023-09-06,23.8,17.7,30.5,0.0,,,24.2,,1014.0,
2023-09-07,23.4,17.3,28.7,1.3,,,17.1,,1014.0,
2023-09-08,23.0,17.8,28.7,0.0,,,25.5,,1014.1,
2023-09-09,22.6,16.4,28.6,0.0,,,29.7,,1014.4,
2023-09-10,23.7,17.2,29.9,0.0,,,31.6,,1013.7,
2023-09-11,23.8,16.7,29.9,0.0,,,30.4,,1013.8,
2023-09-12,23.8,18.0,29.6,0.0,,,25.7,,1014.3,
2023-09-13,23.1,17.4,29.0,0.0,,,32.1,,1013.6,
2023-09-14,22.7,16.1,29.5,0.0,,,37.1,,1013.7,
2023-09-15,22.1,15.8,28.4,0.5,,,32.4,,1014.2,
2023-09-16,22.8,16.4,29.2,0.0,,,31.1,,1014.0,
2023-09-17,23.5,17.7,29.9,0.0,,,30.6,,1012.9,
2023-09-18,23.3,16.6,29.9,0.0,,,30.9,,1012.6,
2023-09-19,23.3,17.1,29.8,0.3,,,29.2,,1013.6,
2023-09-20,24.3,18.7,29.9,0.0,,,25.5,,1013.5,
2023-09-21,24.0,18.8,29.5,0.5,,,29.2,,1013.2,
2023-09-22,23.9,18.1,30.0,0.0,,,32.4,,1013.3,
2023-09-23,23.8,18.2,29.6,0.0,,,33.0,,1013.6,
2023-09-24,23.1,17.3,28.7,0.0,,,36.1,,1014.2,
2023-09-25,24.0,18.2,30.4,0.0,,,29.4,,1014.0,
2023-09-26,24.7,18.9,30.3,0.0,,,28.2,,1013.1,
2023-09-27,24.1,17.0,30.1,0.0,,,33.0,,1013.1,
2023-09-28,23.0,17.3,27.8,0.0,,,33.8,,1014.2,
2023-09-29,23.8,17.8,29.9,0.0,,,32.6,,1014.2,
2023-09-30,23.0,17.3,29.8,2.0,,,36.0,,1015.0,
2023-10-01,23.8,17.8,30.2,0.0,,,30.2,,1014.5,
2023-10-02,25.0,19.2,30.5,0.0,,,29.3,,1014.1,
2023-10-03,23.5,18.2,29.9,0.0,,,39.7,,1014.3,
2023-10-04,21.6,17.0,26.8,4.5,,,38.7,,1015.0,
2023-10-05,22.0,17.0,27.2,0.0,,,39.4,,1015.3,
2023-10-06,22.9,17.4,29.0,0.5,,,37.4,,1013.6,
2023-10-07,23.1,17.9,29.1,0.0,,,33.9,,1013.2,
2023-10-08,23.9,18.0,30.1,0.0,,,31.4,,1013.6,
2023-10-09,23.9,18.0,29.9,0.0,,,29.9,,1014.0,
2023-10-10,23.5,18.1,29.7,0.0,,,30.0,,1013.5,
2023-10-11,23.5,16.6,29.9,0.0,,,32.1,,1013.7,
2023-10-12,24.6,18.4,30.4,0.6,,,23.7,,1013.9,
2023-10-13,24.3,20.1,31.2,0.7,,,27.1,,1013.7,
2023-10-14,24.3,18.7,30.7,0.0,,,25.7,,1013.0,
2023-10-15,22.5,19.0,28.0,0.4,,,27.3,,1013.1,
2023-10-16,21.6,18.4,25.4,1.2,,,23.9,,1013.4,
2023-10-17,22.3,18.5,26.3,2.9,,,20.4,,1014.2,
2023-10-18,21.6,18.4,26.4,0.8,,,28.1,,1014.6,
2023-10-19,20.5,17.2,25.8,9.0,,,24.5,,1015.7,
2023-10-20,20.8,17.8,25.5,1.7,,,22.3,,1015.7,
2023-10-21,21.2,17.9,25.0,1.0,,,25.8,,1015.1,
2023-10-22,21.6,18.4,26.3,4.1,,,25.3,,1014.3,
2023-10-23,22.4,17.5,27.3,0.0,,,27.4,,1013.0,
2023-10-24,23.2,18.7,28.5,3.2,,,23.7,,1011.9,
2023-10-25,21.3,17.5,25.4,3.1,,,26.5,,1013.2,
2023-10-26,20.6,17.8,24.1,1.1,,,27.0,,1014.3,
2023-10-27,20.1,17.8,24.2,2.6,,,25.8,,1014.1,
2023-10-28,20.6,17.9,24.2,3.4,,,19.7,,1013.8,
2023-10-29,20.2,18.2,23.7,3.9,,,18.3,,1013.7,
2023-10-30,20.0,17.5,22.6,2.9,,,16.1,,1013.7,
2023-10-31,20.7,18.0,25.4,0.4,,,21.7,,1012.7,
2023-11-01,20.2,18.2,23.1,3.3,,,27.2,,1013.0,
2023-11-02,20.2,17.6,24.2,2.1,,,14.8,,1013.6,
2023-11-03,20.1,17.2,23.5,4.4,,,13.2,,1013.5,
2023-11-04,20.2,17.2,24.2,2.7,,,17.7,,1013.7,
2023-11-05,20.3,17.7,24.3,7.2,,,14.9,,1014.2,
2023-11-06,20.5,18.0,25.1,8.7,,,14.6,,1015.1,
2023-11-07,21.3,17.4,25.6,3.0,,,20.9,,1014.4,
2023-11-08,20.3,18.0,23.9,5.1,,,23.3,,1014.4,
2023-11-09,21.6,18.6,26.0,1.3,,,20.7,,1013.7,
2023-11-10,21.6,19.0,25.9,0.0,,,21.7,,1014.3,
2023-11-11,20.9,18.6,24.6,1.0,,,24.6,,1014.9,
2023-11-12,20.3,18.2,23.8,4.4,,,24.3,,1015.6,
2023-11-13,20.5,18.3,24.5,5.7,,,21.2,,1015.5,
2023-11-14,20.2,17.9,25.0,4.6,,,19.4,,1014.7,
2023-11-15,20.7,18.3,25.4,5.9,,,19.4,,1014.2,
2023-11-16,20.9,18.6,25.0,4.2,,,25.1,,1014.1,
2023-11-17,20.4,18.1,24.3,3.6,,,24.2,,1014.4,
2023-11-18,20.1,18.5,23.6,1.8,,,23.5,,1014.6,
2023-11-19,19.2,18.0,21.8,17.3,,,19.8,,1014.8,
2023-11-20,20.8,17.6,25.6,1.0,,,18.3,,1014.0,
2023-11-21,20.7,18.8,25.4,5.4,,,20.2,,1013.7,
2023-11-22,21.0,18.6,25.0,0.5,,,20.8,,1013.6,
2023-11-23,21.0,18.7,25.7,0.8,,,21.9,,1013.6,
2023-11-24,20.1,17.9,23.6,1.5,,,20.1,,1013.1,
2023-11-25,21.4,18.1,25.6,1.6,,,19.3,,1012.6,
2023-11-26,21.3,18.7,26.1,7.5,,,18.7,,1014.0,
2023-11-27,21.9,18.8,26.6,0.7,,,19.8,,1013.9,
2023-11-28,21.7,18.6,26.4,0.4,,,18.5,,1012.7,
2023-11-29,21.6,18.5,26.3,0.4,,,18.4,,1012.8,
2023-11-30,21.7,18.4,27.0,0.0,,,19.2,,1014.0,
2023-12-01,22.2,18.7,28.1,0.0,,,18.1,,1013.7,
2023-12-02,22.7,18.7,27.9,0.0,,,21.1,,1012.8,
2023-12-03,22.1,18.1,26.9,0.0,,,20.3,,1013.2,
2023-12-04,22.1,17.8,27.6,0.0,,,23.0,,1013.5,
2023-12-05,22.7,18.0,28.2,0.0,,,20.2,,1013.6,
2023-12-06,22.4,18.0,28.7,0.0,,,19.9,,1014.1,
2023-12-07,22.5,18.2,27.4,0.6,,,20.5,,1013.9,
2023-12-08,22.3,18.5,26.9,0.9,,,21.1,,1013.6,
2023-12-09,22.2,18.1,27.8,0.0,,,22.3,,1012.9,
2023-12-10,22.1,17.2,26.5,0.2,,,24.3,,1013.2,
2023-12-11,22.4,19.3,27.2,0.3,,,23.2,,1013.6,
2023-12-12,22.4,18.8,27.2,0.8,,,21.4,,1013.2,
2023-12-13,22.3,18.1,27.1,0.8,,,21.3,,1012.7,
2023-12-14,22.2,19.3,27.2,1.7,,,24.1,,1013.0,
2023-12-15,21.3,18.6,25.1,1.9,,,23.9,,1014.1,
2023-12-16,21.5,17.8,26.3,0.7,,,22.7,,1013.6,
2023-12-17,22.9,18.9,27.3,0.0,,,21.2,,1012.8,
2023-12-18,22.6,18.8,28.5,0.0,,,25.3,,1012.5,
2023-12-19,22.9,18.7,28.2,0.0,,,19.2,,1012.7,
2023-12-20,23.6,18.6,29.3,0.0,,,19.9,,1013.1,
2023-12-21,24.1,20.2,29.0,0.0,,,21.2,,1013.6,
2023-12-22,23.2,19.6,27.7,0.2,,,22.8,,1014.8,
2023-12-23,22.8,19.0,28.0,0.8,,,21.6,,1015.3,
2023-12-24,22.5,19.0,26.5,1.7,,,23.7,,1014.9,
2023-12-25,23.1,19.4,27.9,0.0,,,23.5,,1013.6,
2023-12-26,22.3,18.8,26.1,0.5,,,24.9,,1013.3,
2023-12-27,22.7,18.2,27.4,0.0,,,24.6,,1014.1,
2023-12-28,24.0,20.4,29.1,0.5,,,20.1,,1014.1,
2023-12-29,22.9,19.8,26.6,2.1,,,22.3,,1014.0,
2023-12-30,23.0,19.7,27.7,0.2,,,23.6,,1013.3,
2023-12-31,23.3,19.4,27.6,1.6,,,22.2,,1013.3,
2024-01-01,23.7,20.2,27.7,1.5,,,15.9,,1014.0,
2024-01-02,23.8,19.9,28.6,0.0,,,20.2,,1013.4,
2024-01-03,24.2,19.8,29.4,0.0,,,22.5,,1012.6,
2024-01-04,23.6,20.0,28.6,0.0,,,22.3,,1013.6,
2024-01-05,23.9,19.0,29.7,0.0,,,20.4,,1013.9,
2024-01-06,23.3,18.9,29.5,1.1,,,23.5,,1014.0,
2024-01-07,23.9,19.1,28.8,0.0,,,23.3,,1013.3,
2024-01-08,23.7,19.6,28.2,0.0,,,23.4,,1012.8,
2024-01-09,23.7,19.6,29.2,0.0,,,23.4,,1012.5,
2024-01-10,24.0,19.5,29.4,0.0,,,24.1,,1012.4,
2024-01-11,24.5,19.2,31.4,0.0,,,24.0,,1011.7,
2024-01-12,24.2,18.9,29.0,1.0,,,22.2,,1011.8,
2024-01-13,24.5,19.2,29.8,0.0,,,20.0,,1012.0,
2024-01-14,25.3,20.0,30.7,0.1,,,22.0,,1012.1,
2024-01-15,24.9,20.0,30.3,0.1,,,22.7,,1013.3,
2024-01-16,25.7,21.2,30.8,0.2,,,22.0,,1013.2,
2024-01-17,25.4,22.1,31.1,0.3,,,21.9,,1012.9,
2024-01-18,22.7,19.4,24.5,15.4,,,14.8,,1014.3,
2024-01-19,24.2,19.3,28.9,0.0,,,16.0,,1012.5,
2024-01-20,23.4,19.4,27.6,6.4,,,12.9,,1013.4,
2024-01-21,24.0,21.1,28.8,0.4,,,22.7,,1013.1,
2024-01-22,23.7,21.0,27.6,0.0,,,23.9,,1014.4,
2024-01-23,24.0,20.4,28.7,0.0,,,22.7,,1014.8,
2024-01-24,24.7,21.2,29.2,0.0,,,23.8,,1014.4,
2024-01-25,24.7,21.3,29.5,0.0,,,22.4,,1014.1,
2024-01-26,23.4,19.3,27.9,4.7,,,26.6,,1014.4,
2024-01-27,23.5,19.6,28.5,0.2,,,25.0,,1014.5,
2024-01-28,23.6,18.4,28.1,2.6,,,25.4,,1014.2,
2024-01-29,23.7,18.4,29.1,0.1,,,25.2,,1014.1,
2024-01-30,24.0,18.5,28.8,0.0,,,24.9,,1014.0,
2024-01-31,22.9,18.3,27.6,0.5,,,28.6,,1014.7,
2024-02-01,23.1,18.0,27.7,0.5,,,26.8,,1015.5,
2024-02-02,23.7,19.1,28.2,0.4,,,25.6,,1014.2,
2024-02-03,24.3,19.7,28.4,0.0,,,24.0,,1013.4,
2024-02-04,23.3,18.7,27.6,1.2,,,26.1,,1014.8,
2024-02-05,23.6,19.1,28.1,1.9,,,23.4,,1015.1,
2024-02-06,24.2,20.3,29.2,0.0,,,26.0,,1015.3,
2024-02-07,23.9,18.9,28.1,0.8,,,27.5,,1015.2,
2024-02-08,23.2,19.0,27.8,0.0,,,28.8,,1014.9,
2024-02-09,24.5,19.6,29.1,0.6,,,27.2,,1013.3,
2024-02-10,25.0,19.9,29.4,0.0,,,26.2,,1013.8,
2024-02-11,24.9,19.3,29.3,0.8,,,21.6,,1014.6,
2024-02-12,24.5,18.9,29.6,0.0,,,25.2,,1013.9,
2024-02-13,24.4,18.5,29.3,0.6,,,26.6,,1013.3,
2024-02-14,25.0,18.9,30.0,0.0,,,26.0,,1012.5,
2024-02-15,25.4,20.5,30.8,0.0,,,26.9,,1012.9,
2024-02-16,25.3,19.4,30.4,0.2,,,31.0,,1013.8,
2024-02-17,24.8,19.4,29.7,1.3,,,27.4,,1013.2,
2024-02-18,26.0,20.8,30.8,1.3,,,22.2,,1011.9,
2024-02-19,26.3,21.5,31.6,0.2,,,23.7,,1011.7,
2024-02-20,24.7,19.9,29.3,0.0,,,29.0,,1012.2,
2024-02-21,24.6,18.9,29.5,0.2,,,29.7,,1011.3,
2024-02-22,24.7,18.7,30.1,0.0,,,34.0,,1011.2,
2024-02-23,23.8,19.0,27.9,0.7,,,28.5,,1012.2,
2024-02-24,24.0,19.1,28.9,1.1,,,27.4,,1013.4,
2024-02-25,25.2,19.7,31.5,0.1,,,24.6,,1011.9,
2024-02-26,26.2,20.5,33.4,0.0,,,24.9,,1010.4,
2024-02-27,25.1,21.1,29.5,3.5,,,21.6,,1011.4,
2024-02-28,21.0,18.3,26.4,13.2,,,13.2,,1013.3,
2024-02-29,24.5,19.4,29.3,0.5,,,14.5,,1011.2,
2024-03-01,23.7,19.3,28.0,0.6,,,26.8,,1012.1,
2024-03-02,24.1,19.5,28.6,0.0,,,27.4,,1012.8,
2024-03-03,25.0,20.3,29.8,0.0,,,25.6,,1012.1,
2024-03-04,25.3,20.2,30.3,0.0,,,25.5,,1011.4,
2024-03-05,24.1,19.5,28.4,0.2,,,33.2,,1013.1,
2024-03-06,23.2,18.8,27.7,2.1,,,29.8,,1014.6,
2024-03-07,24.5,19.1,29.4,0.0,,,28.7,,1013.7,
2024-03-08,24.4,20.1,29.6,3.6,,,30.8,,1013.8,
2024-03-09,24.6,19.1,29.2,0.0,,,28.6,,1013.0,
2024-03-10,24.7,19.7,29.6,0.3,,,31.6,,1013.5,
2024-03-11,24.6,18.7,29.5,0.0,,,31.3,,1015.4,
2024-03-12,24.6,19.2,30.0,0.0,,,28.0,,1015.7,
2024-03-13,25.6,19.5,30.6,0.0,,,28.8,,1014.8,
2024-03-14,24.8,18.7,30.8,0.1,,,30.7,,1014.5,
2024-03-15,24.1,18.5,29.3,0.4,,,29.6,,1014.3,
2024-03-16,24.4,18.4,30.2,0.0,,,28.1,,1013.9,
2024-03-17,25.3,19.4,30.5,0.0,,,28.6,,1012.5,
2024-03-18,25.0,19.8,29.7,0.9,,,32.7,,1011.6,
2024-03-19,25.1,19.5,30.4,0.0,,,31.3,,1011.3,
2024-03-20,24.9,20.1,30.1,0.2,,,31.1,,1011.2,
2024-03-21,25.0,19.5,30.6,0.0,,,30.3,,1011.2,
2024-03-22,25.2,19.7,30.4,0.2,,,31.1,,1009.6,
2024-03-23,25.4,20.3,30.5,0.3,,,29.4,,1009.0,
2024-03-24,24.8,20.0,29.5,0.6,,,30.8,,1010.9,
2024-03-25,23.9,19.6,28.3,1.9,,,29.1,,1013.1,
2024-03-26,24.3,19.9,29.0,0.5,,,22.4,,1013.7,
2024-03-27,23.3,20.1,27.0,0.9,,,24.9,,1014.2,
2024-03-28,23.4,19.6,27.9,0.6,,,22.3,,1014.2,
2024-03-29,23.2,19.5,27.6,5.4,,,19.4,,1013.7,
2024-03-30,23.1,18.9,27.0,0.9,,,22.2,,1013.3,
2024-03-31,23.4,19.9,27.8,1.2,,,24.8,,1014.1,
2024-04-01,23.0,19.6,28.1,6.3,,,23.7,,1013.5,
2024-04-02,22.1,19.0,26.6,6.5,,,20.7,,1013.0,
2024-04-03,20.7,18.3,25.4,3.0,,,13.8,,1013.7,
2024-04-04,22.0,17.4,26.2,2.0,,,12.1,,1013.3,
2024-04-05,21.8,19.2,25.3,5.8,,,19.3,,1013.4,
2024-04-06,21.8,18.2,25.8,2.0,,,19.8,,1013.5,
2024-04-07,22.8,19.1,27.8,0.9,,,18.5,,1012.5,
2024-04-08,22.9,19.6,27.0,12.1,,,13.8,,1012.3,
2024-04-09,22.6,18.9,27.5,14.7,,,12.9,,1012.7,
2024-04-10,23.4,20.1,27.7,0.8,,,13.0,,1012.3,
2024-04-11,23.6,20.1,28.3,1.3,,,15.3,,1012.8,
2024-04-12,23.7,20.6,28.5,1.5,,,20.7,,1011.9,
2024-04-13,22.5,19.5,26.8,1.2,,,24.7,,1012.4,
2024-04-14,23.5,19.7,27.9,0.8,,,24.8,,1012.4,
2024-04-15,23.7,20.1,28.8,0.4,,,25.1,,1013.7,
2024-04-16,23.4,19.2,28.3,0.1,,,23.2,,1013.3,
2024-04-17,23.8,19.5,28.7,0.0,,,28.9,,1012.1,
2024-04-18,23.7,19.4,28.7,0.3,,,30.8,,1012.5,
2024-04-19,23.8,19.5,30.1,0.1,,,25.7,,1012.1,
2024-04-20,23.8,19.9,29.3,7.4,,,19.3,,1011.1,
2024-04-21,21.8,18.0,26.5,25.1,,,18.9,,1012.3,
2024-04-22,22.7,19.0,27.0,0.9,,,20.9,,1012.1,
2024-04-23,23.4,19.8,27.5,0.8,,,24.2,,1011.9,
2024-04-24,23.3,19.8,28.2,0.8,,,22.9,,1011.2,
2024-04-25,21.5,19.3,25.8,29.4,,,15.0,,1011.9,
2024-04-26,21.0,19.3,23.6,14.1,,,10.8,,1012.8,
2024-04-27,22.3,19.2,26.2,2.8,,,13.3,,1011.7,
2024-04-28,21.2,19.2,25.5,7.7,,,18.6,,1013.3,
2024-04-29,22.2,20.0,26.0,2.0,,,13.3,,1013.0,
2024-04-30,22.9,19.4,26.2,1.3,,,13.1,,1011.4,
2024-05-01,23.3,20.6,27.0,9.4,,,13.4,,1010.4,
2024-05-02,22.8,20.1,26.6,5.3,,,14.4,,1011.1,
2024-05-03,22.6,20.2,26.4,13.6,,,13.9,,1012.2,
2024-05-04,20.3,17.9,22.5,40.7,,,12.0,,1014.7,
2024-05-05,22.1,18.0,26.3,4.4,,,10.8,,1013.8,
2024-05-06,22.6,20.0,25.7,7.1,,,17.2,,1013.8,
2024-05-07,22.2,19.0,25.9,0.7,,,27.6,,1014.1,
2024-05-08,22.0,17.6,25.9,0.0,,,32.0,,1013.5,
2024-05-09,22.1,17.5,26.4,0.0,,,31.7,,1012.5,
2024-05-10,21.9,17.9,26.5,1.7,,,31.9,,1013.5,
2024-05-11,22.5,18.6,26.6,0.0,,,27.4,,1014.5,
2024-05-12,22.6,18.0,27.1,0.0,,,26.7,,1013.6,
2024-05-13,22.7,17.8,27.6,0.0,,,27.8,,1013.0,
2024-05-14,22.8,18.5,27.5,0.0,,,28.7,,1012.7,
2024-05-15,22.9,18.6,27.5,0.0,,,27.2,,1014.0,
2024-05-16,23.1,18.0,27.9,0.0,,,25.7,,1014.4,
2024-05-17,22.7,18.7,27.1,0.0,,,25.2,,1013.8,
2024-05-18,23.4,18.2,27.9,0.1,,,21.2,,1012.8,
2024-05-19,23.5,18.2,27.6,1.7,,,22.2,,1012.6,
2024-05-20,23.8,19.4,28.0,2.1,,,14.3,,1013.0,
2024-05-21,23.8,19.0,29.1,3.1,,,14.7,,1014.1,
2024-05-22,24.1,19.4,28.6,0.0,,,27.6,,1013.8,
2024-05-23,23.1,17.8,27.8,0.0,,,33.6,,1013.8,
2024-05-24,22.9,18.2,28.5,0.1,,,27.9,,1014.2,
2024-05-25,22.8,19.0,28.2,0.0,,,26.2,,1014.4,
2024-05-26,22.7,19.1,27.4,0.7,,,23.4,,1015.1,
2024-05-27,22.6,17.5,27.2,0.9,,,25.0,,1015.7,
2024-05-28,21.6,17.6,25.5,0.0,,,29.3,,1016.7,
2024-05-29,21.8,17.3,26.9,0.0,,,26.5,,1015.5,
2024-05-30,22.1,16.5,27.3,0.0,,,27.5,,1014.7,
2024-05-31,22.6,17.0,27.9,0.0,,,27.8,,1014.9,
2024-06-01,23.5,17.7,28.3,0.0,,,25.6,,1015.1,
2024-06-02,23.2,18.0,29.3,0.0,,,25.5,,1014.5,
2024-06-03,23.8,18.5,29.1,0.0,,,25.4,,1014.0,
2024-06-04,23.3,17.5,29.1,0.1,,,30.4,,1014.0,
2024-06-05,23.1,17.7,28.3,0.0,,,27.3,,1014.1,
2024-06-06,22.6,17.4,28.3,0.0,,,30.5,,1014.9,
2024-06-07,23.3,17.6,29.0,0.0,,,26.7,,1015.5,
2024-06-08,22.7,17.3,28.7,0.0,,,31.5,,1015.2,
2024-06-09,22.1,16.6,26.4,0.0,,,29.6,,1015.9,
2024-06-10,21.9,16.0,27.0,0.0,,,28.6,,1016.5,
2024-06-11,21.9,16.3,27.4,0.2,,,32.3,,1016.5,
2024-06-12,22.1,16.3,28.6,0.0,,,32.9,,1016.2,
2024-06-13,22.1,16.4,27.3,0.0,,,29.7,,1016.2,
2024-06-14,22.1,16.2,27.3,0.0,,,28.9,,1015.2,
2024-06-15,21.8,16.5,27.0,0.0,,,29.3,,1014.1,
2024-06-16,21.9,15.7,27.3,0.0,,,29.1,,1013.8,
2024-06-17,22.6,16.7,28.3,0.0,,,27.3,,1014.5,
2024-06-18,22.9,17.6,28.9,0.0,,,33.3,,1014.7,
2024-06-19,22.7,17.6,28.5,0.1,,,34.6,,1014.4,
2024-06-20,21.7,17.4,27.6,0.4,,,44.2,,1015.8,
2024-06-21,21.3,16.4,26.7,0.0,,,41.9,,1016.0,
2024-06-22,21.2,15.8,27.1,0.0,,,37.1,,1015.7,
2024-06-23,21.9,15.7,28.2,0.0,,,38.1,,1015.2,
2024-06-24,21.4,15.4,27.3,0.0,,,31.9,,1015.5,
2024-06-25,21.4,15.3,27.2,0.0,,,31.5,,1014.7,
2024-06-26,22.3,15.3,28.4,0.0,,,32.1,,1014.1,
2024-06-27,21.8,16.2,27.8,0.0,,,42.0,,1014.9,
2024-06-28,21.9,16.1,27.8,0.0,,,37.2,,1015.4,
2024-06-29,21.3,15.5,27.4,0.0,,,28.8,,1015.1,
2024-06-30,21.5,15.9,27.2,0.0,,,33.6,,1015.6,
2024-07-01,21.7,15.9,27.7,0.0,,,32.2,,1016.0,
2024-07-02,22.3,16.3,28.1,0.0,,,34.9,,1015.2,
2024-07-03,22.0,15.8,28.3,0.0,,,30.8,,1015.1,
2024-07-04,21.9,15.9,27.7,0.0,,,36.6,,1015.0,
2024-07-05,22.0,16.2,28.0,0.0,,,33.5,,1014.1,
2024-07-06,21.9,16.1,28.7,0.1,,,28.7,,1013.6,
2024-07-07,22.4,16.4,28.6,0.7,,,20.6,,1013.7,
2024-07-08,22.7,17.8,27.8,0.9,,,16.0,,1013.3,
2024-07-09,23.1,17.0,28.6,0.0,,,26.4,,1013.3,
2024-07-10,22.0,16.4,27.5,0.0,,,36.7,,1014.6,
2024-07-11,21.2,15.9,28.0,0.2,,,33.8,,1015.8,
2024-07-12,23.0,17.1,29.4,0.0,,,33.3,,1015.2,
2024-07-13,21.9,16.9,28.3,0.0,,,35.9,,1015.8,
2024-07-14,21.9,15.7,27.6,0.0,,,25.6,,1015.9,
2024-07-15,22.8,16.7,28.8,0.0,,,27.6,,1015.2,
2024-07-16,22.2,16.9,27.3,0.0,,,30.3,,1015.1,
2024-07-17,21.3,15.9,26.8,0.0,,,32.7,,1015.8,
2024-07-18,21.0,15.2,26.8,0.4,,,29.5,,1016.4,
2024-07-19,21.1,16.3,26.1,0.0,,,28.6,,1015.1,
2024-07-20,22.0,16.0,27.8,0.0,,,30.8,,1014.6,
2024-07-21,22.3,16.7,27.8,0.0,,,30.0,,1015.3,
2024-07-22,21.4,15.5,27.0,0.3,,,25.8,,1016.7,
2024-07-23,22.0,15.8,27.7,0.0,,,30.1,,1018.3,
2024-07-24,21.3,15.5,27.2,0.0,,,31.4,,1017.1,
2024-07-25,21.3,16.2,28.1,0.0,,,27.4,,1015.0,
2024-07-26,21.4,15.5,26.6,0.7,,,26.1,,1014.5,
2024-07-27,22.3,16.1,28.3,0.5,,,29.8,,1015.2,
2024-07-28,22.4,15.8,28.7,0.8,,,25.1,,1015.2,
2024-07-29,23.6,17.1,30.4,0.2,,,20.4,,1013.3,
2024-07-30,22.2,16.8,27.7,1.7,,,26.0,,1013.7,
2024-07-31,22.1,17.0,27.0,0.0,,,28.2,,1015.5,
2024-08-01,22.3,16.6,28.5,0.0,,,30.0,,1016.6,
2024-08-02,21.0,14.7,26.3,0.0,,,27.9,,1016.7,
2024-08-03,21.0,15.6,26.6,0.0,,,33.9,,1015.8,
2024-08-04,21.1,15.5,26.0,0.0,,,29.5,,1015.7,
2024-08-05,21.9,15.3,27.5,0.0,,,22.3,,1014.6,
2024-08-06,22.5,17.1,27.9,4.8,,,15.5,,1014.5,
2024-08-07,22.5,17.9,28.2,0.0,,,26.9,,1013.9,
2024-08-08,20.1,15.7,26.3,2.2,,,35.0,,1014.9,
2024-08-09,20.4,15.3,25.2,0.8,,,28.6,,1016.0,
2024-08-10,21.6,15.9,27.3,0.0,,,30.1,,1015.6,
2024-08-11,20.8,15.1,25.9,0.0,,,31.2,,1014.8,
2024-08-12,21.8,17.5,26.7,0.0,,,26.8,,1014.3,
2024-08-13,22.7,16.8,28.0,0.0,,,27.7,,1014.4,
2024-08-14,21.8,15.8,27.6,0.0,,,30.9,,1014.5,
2024-08-15,21.8,16.6,27.2,0.0,,,28.3,,1015.0,
2024-08-16,22.2,16.7,27.4,1.5,,,25.4,,1015.2,
2024-08-17,22.5,16.0,28.3,0.0,,,27.8,,1014.2,
2024-08-18,21.5,15.6,26.4,0.0,,,32.5,,1015.1,
2024-08-19,22.3,16.4,28.1,0.0,,,28.7,,1015.5,
2024-08-20,21.6,16.5,28.4,0.4,,,21.3,,1015.1,
2024-08-21,20.1,15.4,26.2,2.9,,,28.1,,1014.3,
2024-08-22,18.0,14.4,22.8,4.3,,,27.4,,1015.7,
2024-08-23,21.1,16.0,27.1,0.1,,,22.8,,1015.2,
2024-08-24,21.9,16.0,29.0,0.0,,,33.2,,1015.5,
2024-08-25,21.1,15.2,26.7,0.0,,,37.6,,1015.8,
2024-08-26,22.1,16.1,28.2,0.0,,,33.3,,1015.7,
2024-08-27,22.6,,,,,,35.1,,1015.1,
2024-09-04,21.2,,,,,,38.0,,1015.5,
2024-09-05,21.8,16.3,28.1,0.0,,,34.8,,1015.2,
2024-09-06,21.1,16.1,26.7,3.8,,,37.2,,1015.6,
2024-09-07,22.4,17.4,28.3,0.0,,,39.3,,1015.8,
2024-09-08,22.6,16.7,28.5,0.0,,,33.4,,1015.9,
2024-09-09,23.0,17.4,29.0,0.0,,,33.0,,1015.0,
2024-09-10,23.2,16.8,29.1,0.0,,,31.4,,1014.4,
2024-09-11,22.8,16.2,29.2,0.0,,,34.0,,1014.1,
2024-09-12,22.3,16.2,28.4,0.0,,,33.0,,1014.5,
2024-09-13,22.8,15.7,29.2,0.0,,,34.2,,1014.9,
2024-09-14,22.6,16.1,29.2,0.0,,,35.3,,1015.0,
2024-09-15,22.7,15.2,28.9,0.0,,,35.4,,1014.5,
2024-09-16,22.2,15.5,28.7,0.0,,,35.7,,1015.0,
2024-09-17,22.7,16.6,28.7,0.0,,,34.2,,1015.5,
2024-09-18,22.1,16.3,28.4,1.1,,,31.9,,1014.5,
2024-09-19,23.5,16.7,30.0,0.0,,,28.0,,1012.0,
2024-09-20,23.6,16.8,29.8,0.0,,,30.4,,1012.7,
2024-09-21,22.7,16.7,28.8,0.0,,,31.3,,1013.6,
2024-09-22,22.3,16.7,28.4,0.0,,,29.4,,1013.5,
2024-09-23,22.8,16.7,28.8,0.0,,,39.8,,1014.0,
2024-09-24,22.5,15.8,28.8,0.0,,,38.3,,1014.3,
2024-09-25,22.8,15.8,29.3,0.0,,,33.6,,1014.2,
2024-09-26,23.0,15.5,30.1,0.0,,,31.5,,1013.7,
2024-09-27,23.5,16.1,30.0,0.0,,,29.7,,1012.7,
2024-09-28,25.1,18.6,31.0,0.0,,,25.5,,1011.5,
2024-09-29,25.0,18.6,30.1,0.0,,,26.1,,1011.4,
2024-09-30,24.5,18.0,29.0,0.0,,,22.1,,1012.5,
2024-10-01,23.7,18.8,29.7,1.6,,,23.4,,1012.0,
2024-10-02,21.8,16.7,27.1,1.7,,,37.6,,1012.5,
2024-10-03,22.1,16.8,28.0,1.3,,,36.1,,1013.8,
2024-10-04,23.4,16.6,29.1,0.0,,,33.6,,1014.2,
2024-10-05,22.7,16.3,28.2,0.0,,,38.3,,1014.1,
2024-10-06,22.7,16.4,28.6,0.2,,,35.6,,1013.8,
2024-10-07,22.8,16.6,29.0,0.0,,,37.3,,1014.2,
2024-10-08,23.2,17.1,28.4,0.0,,,31.0,,1015.1,
2024-10-09,23.5,17.2,29.2,0.1,,,35.4,,1015.0,
2024-10-10,22.9,16.6,28.3,0.0,,,36.8,,1014.8,
2024-10-11,23.0,16.1,29.3,0.0,,,36.0,,1014.4,
2024-10-12,22.9,16.7,29.5,0.6,,,40.8,,1014.5,
2024-10-13,22.5,16.4,28.8,2.0,,,38.3,,1014.4,
2024-10-14,23.8,17.1,30.1,0.0,,,28.7,,1014.0,
2024-10-15,24.0,18.0,30.5,0.1,,,27.9,,1013.4,
2024-10-16,25.0,19.6,30.1,2.3,,,18.8,,1013.7,
2024-10-17,23.9,19.8,28.6,0.7,,,13.0,,1014.0,
2024-10-18,23.9,18.7,29.9,2.0,,,19.4,,1012.8,
2024-10-19,23.3,18.9,28.4,3.7,,,19.5,,1013.3,
2024-10-20,24.1,18.4,29.1,0.0,,,25.5,,1013.2,
2024-10-21,23.5,18.7,28.9,0.0,,,29.1,,1013.7,
2024-10-22,23.4,18.4,28.7,0.2,,,32.0,,1013.6,
2024-10-23,23.3,17.6,29.2,0.9,,,32.3,,1013.8,
2024-10-24,24.2,17.6,29.7,0.0,,,29.0,,1013.3,
2024-10-25,24.4,18.0,30.0,0.0,,,32.3,,1012.4,
2024-10-26,24.8,18.5,29.8,0.4,,,28.0,,1012.2,
2024-10-27,24.6,19.9,29.4,1.8,,,27.4,,1012.5,
2024-10-28,24.5,19.1,30.6,0.4,,,19.6,,1012.5,
2024-10-29,24.6,21.1,29.0,1.7,,,19.4,,1012.3,
2024-10-30,25.1,20.9,30.8,0.0,,,21.2,,1011.8,
2024-10-31,24.7,18.1,30.3,0.0,,,29.5,,1011.7,
2024-11-01,24.0,18.0,29.2,0.0,,,32.7,,1012.7,
2024-11-02,23.5,18.1,28.9,0.5,,,29.1,,1013.5,
2024-11-03,22.3,18.5,27.3,2.9,,,28.4,,1014.4,
2024-11-04,22.3,18.1,26.7,3.8,,,26.8,,1013.5,
2024-11-05,21.4,18.5,25.6,4.5,,,20.8,,1013.2,
2024-11-06,21.7,18.5,26.0,0.0,,,23.7,,1013.8,
2024-11-07,20.8,18.3,24.6,1.9,,,28.7,,1015.0,
2024-11-08,21.8,18.3,26.9,1.1,,,28.3,,1014.3,
2024-11-09,21.9,17.7,27.0,1.2,,,27.5,,1013.3,
2024-11-10,21.7,18.3,26.5,0.6,,,28.4,,1013.6,
2024-11-11,21.7,18.5,26.5,2.1,,,26.8,,1014.4,
2024-11-12,22.5,18.6,27.7,0.0,,,25.8,,1013.7,
2024-11-13,22.9,18.5,27.5,0.7,,,21.5,,1013.2,
2024-11-14,24.3,20.1,30.0,2.1,,,21.4,,1011.4,
2024-11-15,22.0,18.6,25.6,2.2,,,26.6,,1012.0,
2024-11-16,22.6,18.5,27.8,0.0,,,25.9,,1012.6,
2024-11-17,24.4,18.9,29.8,0.0,,,20.5,,1012.0,
2024-11-18,24.1,19.7,28.5,1.6,,,20.7,,1012.6,
2024-11-19,22.3,18.5,26.7,12.7,,,18.3,,1013.6,
2024-11-20,21.6,18.8,24.8,17.4,,,14.0,,1013.8,
2024-11-21,22.0,18.6,26.1,1.3,,,15.4,,1013.3,
2024-11-22,22.6,18.7,26.9,1.8,,,21.5,,1012.8,
2024-11-23,20.6,18.3,24.4,11.4,,,22.0,,1014.2,
2024-11-24,21.9,18.8,26.0,9.8,,,17.7,,1013.9,
2024-11-25,21.1,18.1,25.3,0.6,,,18.1,,1013.7,
2024-11-26,21.3,18.8,25.2,5.9,,,18.2,,1013.4,
2024-11-27,21.2,18.8,25.1,3.0,,,20.3,,1013.6,
2024-11-28,20.7,18.2,24.0,23.1,,,9.6,,1015.0,
2024-11-29,20.4,17.7,24.4,13.0,,,10.3,,1015.9,
2024-11-30,22.3,18.6,27.8,0.8,,,10.1,,1014.6,
2024-12-01,22.6,18.6,26.6,0.0,,,14.8,,1013.1,
2024-12-02,21.7,18.1,26.4,0.0,,,19.0,,1012.6,
2024-12-03,22.2,18.3,27.3,0.0,,,19.1,,1012.7,
2024-12-04,22.9,19.2,28.0,0.0,,,20.6,,1012.7,
2024-12-05,22.5,20.0,27.8,0.0,,,24.9,,1012.9,
2024-12-06,22.9,19.5,28.0,0.0,,,24.0,,1013.1,
2024-12-07,23.1,19.2,28.6,0.0,,,20.4,,1013.8,
2024-12-08,23.0,19.8,27.1,1.3,,,22.8,,1014.4,
2024-12-09,22.8,18.7,26.8,1.2,,,26.4,,1013.6,
2024-12-14,23.9,20.0,28.5,1.3,,,18.0,,1012.3,
2024-12-15,23.6,20.2,28.0,0.0,,,26.1,,1013.0,
2024-12-16,23.2,18.6,28.6,0.0,,,27.4,,1014.1,
2024-12-17,23.2,18.5,28.6,0.0,,,26.2,,1013.8,
2024-12-18,23.7,20.6,28.8,0.0,,,18.7,,1013.9,
2024-12-19,22.8,18.5,27.6,0.6,,,22.3,,1014.0,
2024-12-20,23.4,18.3,28.8,0.2,,,21.5,,1014.2,
2024-12-21,22.0,18.4,25.7,2.4,,,29.8,,1014.5,
2024-12-22,22.1,18.4,27.2,0.3,,,23.3,,1013.9,
2024-12-23,22.5,18.5,26.7,1.6,,,23.9,,1013.0,
2024-12-24,22.3,18.4,26.6,0.7,,,24.9,,1013.2,
2024-12-25,21.5,16.9,26.3,0.0,,,29.1,,1013.8,
2024-12-26,22.3,17.9,26.7,0.0,,,27.4,,1014.3,
2024-12-27,22.3,18.0,26.6,0.0,,,24.8,,1014.9,
2024-12-28,22.5,18.4,27.2,0.0,,,20.9,,1015.0,
2024-12-29,23.3,19.3,28.3,0.0,,,20.3,,1014.4,
2024-12-30,24.1,19.8,28.8,0.0,,,20.3,,1013.6,
2024-12-31,23.8,19.6,28.5,0.0,,,23.8,,1013.5,
2025-01-01,24.0,18.6,28.4,0.0,,,25.5,,1012.7,
2025-01-02,23.1,17.7,27.8,0.0,,,28.4,,1013.0,
2025-01-03,23.0,17.3,27.7,0.0,,,27.7,,1013.6,
2025-01-04,22.6,17.4,27.6,1.6,,,25.3,,1013.9,
2025-01-05,23.0,18.7,27.6,0.0,,,25.5,,1013.4,
2025-01-06,22.7,18.8,27.0,0.0,,,27.0,,1013.5,
2025-01-07,22.7,17.9,27.7,0.0,,,27.0,,1013.8,
2025-01-08,23.6,20.2,28.4,0.0,,,24.4,,1012.7,
2025-01-09,24.0,18.8,28.7,0.5,,,23.7,,1012.0,
2025-01-10,23.2,18.2,28.1,1.5,,,24.8,,1013.1,
2025-01-11,23.0,17.1,28.0,0.0,,,22.8,,1013.4,
2025-01-12,23.7,20.1,27.9,0.9,,,21.8,,1012.4,
2025-01-13,24.4,20.9,29.5,0.0,,,23.2,,1011.0,
2025-01-14,24.3,19.7,29.8,0.0,,,26.1,,1011.3,
2025-01-15,23.0,16.9,28.1,0.0,,,24.2,,1013.1,
2025-01-16,23.4,17.8,28.5,0.0,,,24.3,,1013.5,
2025-01-17,24.1,19.0,29.2,0.0,,,19.6,,1012.9,
2025-01-18,23.9,18.3,29.1,0.0,,,23.0,,1011.6,
2025-01-19,24.7,21.0,29.6,0.0,,,22.2,,1011.3,
2025-01-20,25.2,20.5,30.6,0.0,,,22.1,,1011.2,
2025-01-21,24.6,18.1,29.9,0.0,,,23.8,,1011.9,
2025-01-22,25.0,20.2,29.9,0.0,,,22.6,,1012.3,
2025-01-23,24.9,21.0,29.7,0.0,,,20.8,,1011.9,
2025-01-24,25.0,20.2,30.5,0.0,,,21.3,,1010.9,
2025-01-25,25.3,20.5,31.3,0.0,,,23.1,,1010.6,
2025-01-26,25.1,18.8,30.9,0.1,,,22.1,,1011.3,
2025-01-27,25.2,20.9,30.1,0.0,,,21.8,,1011.0,
2025-01-28,25.4,21.0,30.3,0.0,,,23.7,,1011.0,
2025-01-29,24.8,20.8,29.3,0.3,,,20.7,,1012.0,
2025-01-30,24.6,20.3,29.3,1.2,,,22.7,,1012.2,
2025-01-31,24.5,19.2,29.1,0.1,,,23.8,,1011.2,
2025-02-01,25.1,20.9,30.6,0.0,,,24.5,,1011.2,
2025-02-02,25.4,20.9,30.8,0.0,,,22.3,,1010.6,
2025-02-03,25.1,20.5,30.8,0.0,,,24.4,,1010.5,
2025-02-04,23.6,17.7,28.7,0.0,,,25.7,,1012.0,
2025-02-05,24.3,19.9,30.0,0.0,,,24.2,,1011.3,
2025-02-06,24.8,19.5,30.3,0.0,,,22.8,,1010.2,
2025-02-07,24.0,17.3,29.0,0.0,,,28.6,,1011.6,
2025-02-08,24.7,19.0,30.2,0.0,,,24.0,,1011.9,
2025-02-09,25.2,19.5,30.7,0.0,,,24.9,,1011.3,
2025-02-10,24.7,18.2,30.1,0.0,,,29.7,,1010.0,
2025-02-11,24.2,17.0,29.1,0.1,,,28.2,,1011.0,
2025-02-12,23.8,18.6,27.9,3.1,,,23.7,,1012.3,
2025-02-13,24.1,19.8,28.9,0.4,,,22.7,,1012.8,
2025-02-14,24.5,18.5,30.2,0.0,,,26.2,,1012.6,
2025-02-15,24.9,18.5,30.4,0.0,,,26.1,,1012.2,
2025-02-16,25.9,21.2,31.2,0.0,,,21.6,,1010.8,
2025-02-17,25.5,20.6,30.1,0.0,,,24.8,,1011.4,
2025-02-18,25.1,19.8,30.4,0.0,,,20.8,,1012.6,
2025-02-19,25.4,20.3,31.4,0.0,,,23.3,,1012.1,
2025-02-20,26.4,21.5,32.1,0.0,,,22.3,,1010.8,
2025-02-21,25.7,20.0,30.6,0.0,,,27.7,,1011.3,
2025-02-22,24.7,19.4,30.6,0.0,,,31.2,,1012.7,
2025-02-23,24.7,18.1,30.5,0.0,,,25.3,,1013.4,
2025-02-24,25.4,18.5,31.9,0.0,,,27.2,,1013.2,
2025-02-25,25.0,18.7,30.4,0.0,,,29.5,,1013.1,
2025-02-26,25.5,19.9,30.9,0.0,,,27.9,,1013.3,
2025-02-27,26.0,20.5,31.7,0.0,,,22.3,,1013.5,
2025-02-28,26.5,20.0,31.9,0.0,,,24.5,,1012.3,
2025-03-01,26.3,20.8,31.7,0.1,,,27.5,,1011.2,
2025-03-02,24.9,19.1,30.1,0.0,,,31.6,,1011.6,
2025-03-03,24.6,18.3,30.3,0.0,,,32.9,,1011.1,
2025-03-04,24.8,18.4,31.0,0.0,,,29.2,,1010.9,
2025-03-05,25.1,18.4,30.7,0.0,,,29.4,,1011.2,
2025-03-06,24.7,18.6,30.5,0.3,,,31.0,,1011.9,
2025-03-07,24.8,18.5,30.6,0.6,,,27.8,,1011.5,
2025-03-08,24.6,17.8,30.6,0.8,,,30.2,,1010.4,
2025-03-09,24.3,19.4,29.4,1.8,,,22.8,,1010.3,
2025-03-10,22.0,19.3,25.1,25.3,,,17.6,,1013.1,
2025-03-11,23.3,18.2,28.3,7.6,,,11.7,,1012.4,
2025-03-12,23.6,19.6,27.6,5.2,,,29.1,,1011.2,
2025-03-13,22.8,18.6,27.2,3.4,,,27.2,,1011.7,
2025-03-14,25.4,,,,,,19.1,,1010.8,
2025-03-22,23.5,19.5,27.7,3.2,,,26.8,,1013.3,
2025-03-23,23.3,19.0,27.8,2.6,,,28.7,,1013.0,
2025-03-24,23.3,18.1,28.5,1.1,,,25.3,,1014.6,
2025-03-25,22.1,17.7,26.9,4.9,,,23.8,,1014.2,
2025-03-26,22.1,18.1,27.8,2.5,,,20.2,,1012.3,
2025-03-27,22.5,19.1,27.0,5.3,,,22.6,,1011.4,
2025-03-28,21.2,18.6,25.0,10.0,,,19.1,,1013.2,
2025-03-29,22.2,18.8,27.0,5.9,,,12.7,,1012.5,
2025-03-30,22.4,19.7,25.9,1.7,,,23.0,,1012.0,
2025-03-31,21.8,19.0,25.7,1.9,,,29.7,,1012.4,
2025-04-01,22.3,18.6,27.0,2.7,,,24.9,,1012.0,
2025-04-02,23.7,19.6,29.1,0.0,,,22.3,,1011.4,
2025-04-03,23.0,18.6,27.9,0.0,,,27.5,,1012.5,
2025-04-04,22.8,19.4,27.6,0.3,,,25.2,,1012.4,
2025-04-05,22.1,19.0,26.5,2.8,,,28.5,,1012.1,
2025-04-06,21.7,18.5,25.6,1.9,,,27.0,,1012.9,
2025-04-07,22.6,18.8,27.9,0.3,,,25.8,,1013.6,
2025-04-08,23.9,19.3,29.7,0.5,,,19.5,,1014.5,
2025-04-09,23.9,19.8,29.8,1.2,,,22.4,,1014.4,
2025-04-10,23.3,19.2,27.9,0.2,,,26.1,,1012.7,
2025-04-11,24.5,19.4,31.1,0.0,,,23.3,,1010.7,
2025-04-12,23.3,19.2,28.6,1.8,,,27.3,,1011.5,
2025-04-13,21.6,18.5,25.4,10.6,,,18.1,,1014.4,
2025-04-14,21.9,18.8,26.2,1.3,,,15.0,,1014.7,
2025-04-15,22.1,19.1,27.2,4.0,,,21.8,,1013.9,
2025-04-16,21.4,18.0,25.7,5.9,,,19.9,,1014.2,
2025-04-17,21.8,19.0,25.9,5.1,,,18.8,,1013.5,
2025-04-18,21.6,18.6,26.6,11.0,,,21.4,,1013.3,
2025-04-19,21.7,18.9,26.2,4.4,,,19.9,,1012.8,
2025-04-20,21.6,18.7,25.1,13.6,,,21.3,,1012.8,
2025-04-21,21.5,17.8,26.0,1.7,,,24.1,,1012.4,
2025-04-22,20.6,18.6,24.1,2.1,,,26.9,,1013.6,
2025-04-23,20.7,18.3,24.5,6.3,,,21.4,,1014.2,
2025-04-24,20.9,18.0,25.2,0.6,,,28.8,,1013.8,
2025-04-25,21.5,18.8,25.8,1.7,,,29.4,,1013.5,
2025-04-26,22.4,19.1,27.1,0.0,,,29.6,,1012.3,
2025-04-27,22.7,19.0,27.6,0.2,,,28.0,,1012.1,
2025-04-28,23.3,18.8,28.6,0.0,,,26.7,,1011.1,
2025-04-29,23.4,19.4,28.6,1.2,,,25.9,,1010.5,
2025-04-30,20.9,18.4,25.2,4.4,,,23.8,,1012.3,
2025-05-01,22.2,19.2,27.0,0.6,,,22.5,,1012.1,
2025-05-02,23.0,19.6,27.3,5.0,,,26.9,,1011.8,
2025-05-03,23.1,19.2,27.5,2.0,,,24.7,,1012.4,
2025-05-04,22.0,18.7,27.4,7.9,,,19.1,,1013.3,
2025-05-05,19.9,17.7,22.3,17.4,,,18.4,,1015.0,
2025-05-06,21.0,18.5,25.1,1.7,,,15.0,,1015.3,
2025-05-07,21.3,17.3,26.3,0.5,,,19.7,,1014.8,
2025-05-08,22.1,17.6,27.1,9.7,,,20.8,,1013.8,
2025-05-09,22.2,17.8,27.1,3.3,,,22.0,,1013.9,
2025-05-10,22.9,18.7,28.1,0.7,,,25.8,,1014.6,
2025-05-11,23.9,19.0,29.7,0.3,,,20.9,,1014.3,
2025-05-12,23.9,19.4,29.2,1.2,,,21.4,,1013.8,
2025-05-13,23.3,19.0,28.6,0.0,,,27.6,,1014.1,
2025-05-14,22.6,17.3,28.3,0.0,,,32.2,,1014.4,
2025-05-15,23.0,17.8,29.1,0.0,,,30.7,,1013.7,
2025-05-16,23.3,17.9,29.0,0.0,,,32.4,,1012.8,
2025-05-17,23.0,17.9,29.1,0.7,,,35.8,,1012.5,
2025-05-18,23.1,18.1,28.8,0.0,,,30.8,,1012.4,
2025-05-19,23.9,18.7,30.3,0.6,,,31.4,,1011.8,
2025-05-20,23.8,19.3,30.0,1.0,,,31.0,,1012.1,
2025-05-21,23.7,19.0,28.8,1.7,,,23.1,,1013.1,
2025-05-22,23.7,19.2,28.8,0.0,,,27.4,,1014.2,
2025-05-23,22.8,18.3,28.4,0.9,,,23.9,,1014.4,
2025-05-24,23.0,17.4,28.3,0.0,,,23.9,,1013.7,
2025-05-25,22.5,16.5,27.6,0.0,,,33.9,,1014.8,
2025-05-26,22.7,17.4,28.2,0.1,,,32.5,,1015.8,
2025-05-27,22.5,18.5,27.8,0.2,,,35.1,,1016.1,
2025-05-28,23.0,17.4,28.9,0.0,,,32.1,,1016.5,
2025-05-29,22.4,18.2,27.8,0.0,,,36.0,,1017.0,
2025-05-30,22.4,17.0,28.0,0.1,,,32.4,,1016.3,
2025-05-31,22.6,17.7,27.8,0.0,,,35.6,,1016.3,
2025-06-01,22.1,17.2,27.7,0.1,,,34.4,,1017.0,
2025-06-02,22.4,17.6,28.5,0.0,,,28.6,,1015.9,
2025-06-03,22.2,16.7,28.0,0.0,,,32.4,,1015.0,
2025-06-04,22.7,17.5,27.8,0.3,,,33.8,,1014.8,
2025-06-05,22.8,18.7,27.2,0.0,,,28.9,,1015.7,
2025-06-06,22.2,18.0,27.3,0.6,,,31.5,,1016.7,
2025-06-07,22.4,16.7,27.9,0.0,,,34.7,,1016.3,
2025-06-08,23.0,17.2,28.8,0.1,,,33.0,,1015.7,
2025-06-09,22.6,17.1,28.8,0.0,,,35.6,,1015.4,
2025-06-10,22.3,17.1,28.0,0.0,,,35.8,,1014.6,
2025-06-11,22.4,17.2,28.6,0.0,,,34.4,,1014.3,
2025-06-12,21.8,17.4,26.5,2.5,,,36.1,,1014.3,
2025-06-13,21.6,16.2,27.6,0.0,,,34.8,,1015.3,
2025-06-14,21.4,15.8,27.3,0.0,,,32.3,,1016.1,
2025-06-15,21.7,15.6,27.7,0.0,,,31.9,,1016.4,
2025-06-16,21.8,15.8,28.2,0.0,,,34.8,,1015.9,
2025-06-17,21.4,15.7,27.3,0.0,,,32.7,,1016.4,
2025-06-18,21.6,16.3,26.5,1.1,,,27.8,,1016.3,
2025-06-19,21.9,17.0,26.8,0.9,,,25.7,,1016.4,
2025-06-20,22.0,17.3,27.0,1.3,,,22.0,,1016.4,
2025-06-21,22.6,16.5,28.3,0.0,,,25.1,,1015.7,
2025-06-22,22.2,16.1,28.2,0.0,,,31.5,,1015.0,
2025-06-23,21.3,16.2,26.8,0.0,,,32.0,,1015.3,
2025-06-24,21.8,16.2,27.6,0.0,,,26.9,,1015.4,
2025-06-25,21.5,16.5,27.4,0.0,,,35.6,,1015.1,
2025-06-26,21.0,16.7,26.2,0.3,,,31.3,,1015.2,
2025-06-27,21.1,16.5,26.6,1.1,,,24.7,,1015.4,
2025-06-28,20.9,16.5,26.2,0.0,,,27.7,,1015.4,
2025-06-29,21.6,15.7,27.0,0.0,,,31.8,,1015.1,
2025-06-30,21.5,16.2,26.9,0.0,,,32.7,,1015.4,
2025-07-01,22.0,17.8,27.9,0.0,,,30.9,,1016.0,
2025-07-02,21.7,15.7,27.6,0.0,,,31.5,,1016.4,
2025-07-03,21.0,16.0,25.9,0.4,,,29.7,,1016.7,
2025-07-04,21.3,15.7,26.7,0.0,,,27.4,,1016.4,
2025-07-05,21.0,16.0,25.7,0.0,,,27.8,,1016.4,
2025-07-06,20.9,16.5,24.7,0.0,,,25.9,,1016.3,
2025-07-07,21.2,17.4,26.5,0.7,,,27.6,,1016.5,
2025-07-08,21.7,17.3,26.6,0.0,,,27.9,,1016.9,
2025-07-09,21.7,17.1,26.5,0.0,,,28.0,,1017.1,
2025-07-10,23.0,17.4,28.2,0.0,,,26.2,,1015.8,
2025-07-11,22.2,17.8,27.1,0.2,,,26.5,,1016.1,
2025-07-12,21.1,15.8,26.5,0.0,,,25.7,,1016.6,
2025-07-13,21.5,16.2,27.0,1.0,,,31.3,,1017.2,
2025-07-14,21.6,15.9,26.7,0.0,,,32.0,,1017.3,
2025-07-15,22.0,15.4,28.4,0.0,,,30.5,,1016.2,
2025-07-16,21.6,15.7,27.1,0.0,,,31.5,,1016.0,
2025-07-17,22.6,16.8,28.3,0.0,,,24.0,,1016.5,
2025-07-18,20.7,14.9,26.3,0.0,,,29.2,,1017.5,
2025-07-19,21.7,15.8,26.4,0.0,,,25.5,,1016.5,
2025-07-20,21.1,14.8,27.3,0.0,,,29.3,,1014.9,
2025-07-21,21.1,14.5,26.9,0.0,,,28.9,,1014.2,
2025-07-22,21.0,14.9,26.8,0.0,,,32.4,,1015.6,
2025-07-23,21.2,15.9,26.4,0.0,,,32.8,,1016.4,
2025-07-24,21.2,14.7,26.9,0.0,,,29.6,,1015.7,
2025-07-25,20.7,14.3,26.9,0.0,,,29.9,,1015.6,
2025-07-26,20.9,14.4,27.6,0.0,,,33.1,,1016.4,
2025-07-27,21.0,14.5,26.9,0.0,,,31.9,,1017.1,
2025-07-28,21.0,14.5,27.2,0.0,,,36.1,,1017.4,
2025-07-29,20.7,15.9,26.4,0.0,,,36.6,,1018.1,
2025-07-30,20.9,14.8,27.3,0.0,,,34.3,,1018.8,
2025-07-31,21.4,15.0,28.3,0.0,,,34.9,,1017.6,
2025-08-01,20.6,14.9,26.0,0.0,,,29.5,,1017.0,
2025-08-02,20.9,15.6,26.7,0.0,,,32.3,,1016.0,
2025-08-03,20.3,14.7,24.9,0.0,,,28.6,,1016.7,
2025-08-04,20.8,15.2,24.9,0.0,,,28.7,,1016.8,
2025-08-05,20.6,14.1,26.3,0.0,,,29.7,,1016.4,
2025-08-06,21.0,15.4,26.7,0.0,,,30.8,,1015.1,
2025-08-07,20.5,15.3,26.9,0.0,,,26.4,,1014.1,
2025-08-08,20.7,15.2,25.7,0.0,,,27.9,,1013.9,
2025-08-09,21.7,15.6,27.8,0.0,,,29.9,,1014.8,
2025-08-10,21.9,15.6,27.6,0.0,,,29.4,,1015.1,
2025-08-11,21.6,16.2,28.0,0.0,,,32.6,,1014.9,
2025-08-12,20.7,15.5,26.6,0.0,,,31.2,,1015.3,
2025-08-13,21.5,15.5,27.6,0.0,,,32.4,,1015.2,
2025-08-14,22.4,15.8,28.4,0.0,,,32.7,,1015.3,
2025-08-15,22.0,15.8,28.4,0.1,,,31.0,,1014.8,
2025-08-16,22.8,17.3,29.0,0.4,,,24.2,,1013.9,
2025-08-17,22.6,18.6,28.8,5.9,,,20.6,,1013.9,
2025-08-18,19.5,15.6,24.3,9.8,,,23.2,,1016.1,
2025-08-19,18.8,15.7,22.7,12.8,,,28.7,,1016.3,
2025-08-20,19.5,14.7,23.8,0.1,,,23.0,,1015.3,
2025-08-21,18.6,14.9,22.5,0.1,,,23.8,,1015.3,
2025-08-22,20.2,15.8,25.8,0.3,,,27.1,,1014.5,
2025-08-23,20.4,15.0,26.0,0.0,,,33.3,,1014.3,
2025-08-24,21.4,16.8,26.8,0.8,,,32.9,,1015.0,
2025-08-25,22.1,17.4,27.8,0.6,,,28.0,,1016.1,
2025-08-26,22.7,17.5,27.8,0.0,,,27.9,,1016.7,
2025-08-27,22.9,16.6,29.0,0.0,,,23.1,,1016.3,
2025-08-28,22.6,17.3,26.9,0.0,,,25.1,,1016.0,
2025-08-29,22.1,17.1,26.7,0.0,,,28.4,,1016.3,
2025-08-30,21.8,16.3,26.7,0.0,,,26.9,,1016.8,
2025-08-31,22.0,16.9,26.3,0.0,,,31.3,,1016.4,
2025-09-01,23.0,17.4,28.6,0.0,,,27.6,,1015.7,
2025-09-02,22.3,16.7,27.7,0.0,,,27.7,,1015.1,
2025-09-03,23.0,17.2,28.5,0.0,,,27.7,,1015.0,
2025-09-04,22.7,16.9,28.7,0.0,,,28.1,,1014.2,
2025-09-05,23.0,17.2,29.3,0.0,,,24.6,,1014.3,
2025-09-06,23.4,17.3,29.6,0.0,,,25.2,,1014.8,
2025-09-07,22.8,16.9,28.1,0.0,,,28.8,,1015.8,
2025-09-08,23.6,18.6,29.2,0.0,,,28.7,,1014.9,
2025-09-09,22.6,18.2,28.2,0.2,,,28.1,,1014.9,
2025-09-10,23.5,17.7,29.1,0.0,,,26.0,,1015.2,
2025-09-11,23.3,17.3,29.2,0.0,,,28.4,,1015.4,
2025-09-12,23.3,17.4,29.3,0.0,,,26.8,,1015.1,
2025-09-13,23.6,17.6,29.9,0.0,,,21.9,,1014.6,
2025-09-14,24.2,18.7,29.2,0.0,,,21.1,,1013.8,
2025-09-15,23.9,18.1,29.3,0.0,,,25.5,,1013.2,
2025-09-16,24.4,18.7,29.7,0.0,,,24.5,,1013.2,
2025-09-17,24.6,18.7,30.0,0.0,,,25.3,,1013.1,
2025-09-18,23.7,18.5,28.5,0.8,,,32.1,,1013.4,
2025-09-19,22.9,18.5,28.0,0.1,,,33.1,,1014.1,
2025-09-20,23.0,17.4,28.9,0.0,,,32.6,,1014.8,
2025-09-21,23.1,17.5,29.1,0.0,,,29.5,,1014.5,
2025-09-22,23.1,17.5,29.1,0.0,,,31.2,,1014.9,
2025-09-23,23.0,17.6,28.4,0.0,,,33.4,,1015.9,
2025-09-24,22.6,16.9,28.1,0.0,,,28.5,,1016.0,
2025-09-25,23.6,17.5,28.9,0.4,,,24.0,,1014.7,
2025-09-26,24.0,18.1,29.8,0.0,,,24.0,,1014.4,
2025-09-27,24.4,18.5,30.3,0.0,,,25.0,,1014.0,
2025-09-28,23.7,17.9,29.0,0.0,,,28.0,,1014.7,
2025-09-29,24.5,18.7,30.4,0.0,,,24.6,,1013.7,
2025-09-30,25.0,19.0,30.3,0.0,,,24.4,,1012.5,
2025-10-01,24.8,18.7,30.0,0.0,,,26.2,,1012.3,
2025-10-02,25.3,19.3,30.9,0.0,,,19.4,,1012.4,
2025-10-03,24.8,19.9,29.5,0.2,,,16.3,,1013.6,
2025-10-04,23.8,19.4,29.5,0.2,,,18.9,,1014.3,
2025-10-05,22.3,17.8,28.8,11.3,,,21.7,,1014.0,
2025-10-06,23.7,18.7,29.1,0.3,,,25.7,,1013.9,
2025-10-07,23.6,18.6,28.9,0.0,,,28.3,,1014.3,
2025-10-08,23.2,18.4,28.0,1.1,,,28.0,,1014.4,
2025-10-09,23.7,18.9,28.3,0.0,,,29.5,,1014.8,
2025-10-10,23.2,18.4,28.2,0.2,,,27.3,,1014.5,
2025-10-11,23.1,18.3,28.3,0.0,,,26.8,,1013.3,
2025-10-12,23.5,18.5,27.9,0.0,,,27.5,,1012.7,
2025-10-13,23.7,18.9,28.2,0.0,,,27.5,,1013.0,
2025-10-14,23.8,18.9,28.7,0.0,,,25.8,,1013.2,
2025-10-15,24.1,19.4,29.0,0.0,,,22.1,,1012.5,
2025-10-16,24.3,19.2,29.5,0.0,,,22.8,,1012.0,
2025-10-17,24.1,19.5,28.4,0.6,,,22.9,,1013.3,
2025-10-18,23.8,18.3,28.9,0.0,,,24.7,,1013.9,
2025-10-19,24.2,18.9,29.3,0.0,,,26.1,,1013.4,
2025-10-20,24.4,18.4,29.7,0.0,,,25.0,,1012.1,
2025-10-21,25.1,19.7,29.5,0.0,,,21.7,,1012.5,
2025-10-22,24.6,19.9,28.9,0.0,,,26.3,,1013.7,
2025-10-23,24.0,19.1,28.8,0.8,,,19.7,,1014.3,
2025-10-24,25.3,20.3,30.0,0.2,,,21.5,,1013.5,
2025-10-25,25.6,19.8,31.1,0.6,,,19.8,,1012.2,
