time,tavg,tmin,tmax,prcp,wspd,pres
2015-01-10,21.1,13.0,25.6,0.7,15.2,1015.0
2015-01-12,22.0,13.0,25.6,0.7,12.5,1015.0
2015-02-05,22.0,13.0,25.6,0.7,13.0,1015.0
2015-03-08,22.0,13.0,25.6,0.7,14.3,1015.0
2015-03-26,22.0,13.0,25.6,0.7,8.0,1015.0
2015-03-27,22.0,13.0,25.6,0.7,6.7,1015.0
2015-03-31,22.0,13.0,25.6,0.7,4.6,1015.0
2015-04-15,22.0,13.0,25.6,0.7,5.4,1015.0
2015-04-20,20.8,13.0,25.6,0.7,5.8,1015.0
2015-05-01,20.8,13.0,25.6,0.7,5.5,1015.0
2021-01-02,19.2,13.0,25.6,0.7,7.4,1015.0
2021-01-03,19.7,13.7,26.3,0.4,7.6,1014.5
2021-01-04,19.6,12.7,26.1,0.0,9.7,1013.9
2021-01-05,19.3,14.3,26.0,0.1,9.6,1013.9
2021-01-06,19.8,13.7,27.1,0.0,9.6,1014.1
2021-01-07,19.9,14.0,26.3,0.1,9.1,1012.8
2021-01-08,20.0,14.8,26.3,0.6,10.4,1011.4
2021-01-09,19.9,15.1,26.0,6.9,9.2,1011.7
2021-01-10,18.6,15.8,23.3,7.1,10.0,1013.2
2021-01-11,19.0,15.3,23.1,0.8,10.8,1013.2
2021-01-12,19.7,16.6,23.8,2.1,8.8,1014.2
2021-01-13,19.6,15.0,25.0,0.4,10.4,1014.1
2021-01-14,20.2,14.1,26.4,0.1,10.8,1013.1
2021-01-15,20.1,14.5,25.6,0.9,10.1,1012.7
2021-01-16,20.5,15.8,26.0,0.3,9.3,1012.2
2021-01-17,20.6,15.2,26.6,0.6,7.7,1011.9
2021-01-18,20.5,15.4,25.5,1.2,8.8,1011.8
2021-01-19,20.9,15.8,26.3,0.0,10.4,1012.1
2021-01-20,20.8,14.6,26.1,0.4,11.9,1013.3
2021-01-21,20.1,13.9,25.7,1.9,10.7,1013.7
2021-01-22,19.7,15.6,24.1,1.5,10.9,1013.9
2021-01-23,19.4,16.3,24.2,1.8,10.4,1014.4
2021-01-24,20.3,13.2,26.2,0.4,9.8,1013.9
2021-01-25,19.9,14.1,24.8,1.5,10.0,1014.8
2021-01-26,19.8,11.5,26.2,0.0,8.7,1014.4
2021-01-27,19.7,12.4,26.6,0.2,8.5,1013.8
2021-01-28,19.9,11.6,26.6,0.0,8.8,1014.0
2021-01-29,20.1,14.0,27.1,1.7,9.8,1014.4
2021-01-30,20.0,13.0,26.2,0.4,9.7,1014.0
2021-01-31,20.1,12.1,26.7,0.0,11.1,1013.4
2021-02-01,20.0,13.5,27.1,0.0,11.0,1014.8
2021-02-02,20.9,13.0,28.3,0.4,9.0,1015.5
2021-02-03,21.1,16.3,26.7,0.3,9.0,1015.3
2021-02-04,20.8,14.0,28.1,0.0,9.4,1014.4
2021-02-05,21.5,15.0,27.7,0.7,9.3,1014.1
2021-02-06,20.9,14.5,27.6,2.6,8.4,1013.0
2021-02-07,20.1,16.6,24.7,2.8,7.3,1012.2
2021-02-08,18.6,16.9,21.9,9.7,6.2,1013.4
2021-02-09,19.5,15.2,23.1,1.2,9.2,1013.6
2021-02-10,20.3,16.3,24.2,1.0,9.3,1013.7
2021-02-11,20.0,16.6,24.4,4.8,7.6,1013.6
2021-02-12,20.4,17.8,24.8,3.2,7.5,1013.0
2021-02-13,19.6,16.1,24.3,8.1,6.7,1013.9
2021-02-14,20.7,15.2,27.5,1.2,4.8,1013.7
2021-02-15,21.4,15.9,27.7,0.1,8.4,1012.8
2021-02-16,21.1,14.0,27.3,0.1,10.0,1011.9
2021-02-17,21.1,13.5,27.3,0.1,8.2,1012.4
2021-02-18,20.8,14.2,27.9,0.0,8.0,1013.0
2021-02-19,21.4,13.8,28.9,0.1,8.5,1013.0
2021-02-20,21.3,13.9,27.5,0.0,8.0,1013.8
2021-02-21,20.2,16.3,25.4,3.9,7.0,1013.9
2021-02-22,18.7,15.7,22.8,15.4,4.1,1014.9
2021-02-23,19.6,14.2,25.3,1.8,9.0,1013.9
2021-02-24,20.2,15.5,26.4,1.5,9.7,1013.2
2021-02-25,20.1,13.1,27.2,0.0,8.5,1013.0
2021-02-26,20.9,14.1,28.2,0.0,9.5,1012.3
2021-02-27,21.8,12.7,30.2,0.0,10.1,1011.3
2021-02-28,22.7,13.6,30.0,0.0,10.6,1011.3
2021-03-01,21.9,14.5,29.2,0.2,10.8,1012.0
2021-03-02,21.7,14.5,27.5,0.0,11.7,1012.8
2021-03-03,21.8,15.4,27.7,0.0,11.1,1011.8
2021-03-04,21.0,16.0,25.5,1.8,10.6,1012.9
2021-03-05,21.4,16.0,27.2,1.5,8.5,1013.3
2021-03-06,22.3,15.6,28.2,0.0,10.2,1012.9
2021-03-07,22.0,14.5,28.6,0.4,9.7,1012.6
2021-03-08,21.7,14.9,28.0,1.2,9.1,1012.4
2021-03-09,21.3,14.8,28.3,0.0,10.1,1013.8
2021-03-10,21.0,13.6,28.2,0.0,11.2,1014.6
2021-03-11,22.1,15.0,29.5,0.0,10.2,1013.1
2021-03-12,21.7,14.6,28.1,0.0,10.1,1013.3
2021-03-13,21.4,13.2,28.0,0.5,9.6,1013.5
2021-03-14,21.6,14.1,28.9,0.2,7.4,1013.3
2021-03-15,21.2,12.6,28.7,0.5,7.0,1012.7
2021-03-16,20.0,16.1,27.0,19.1,9.2,1013.4
2021-03-17,20.5,16.6,26.2,1.7,7.9,1013.0
2021-03-18,21.2,14.2,28.0,0.0,8.0,1013.3
2021-03-19,20.9,16.2,27.8,4.2,7.5,1013.2
2021-03-20,20.9,16.7,26.1,1.3,8.8,1012.6
2021-03-21,19.8,16.5,26.1,5.3,8.8,1012.6
2021-03-22,21.0,15.9,26.9,1.1,8.6,1012.9
2021-03-23,20.8,16.6,26.0,0.8,9.4,1014.5
2021-03-24,20.6,14.6,27.0,0.7,9.2,1014.3
2021-03-25,21.7,14.3,29.8,0.0,9.2,1011.7
2021-03-26,21.8,14.9,28.5,0.0,8.5,1012.7
2021-03-27,21.5,15.5,27.3,0.1,6.9,1013.7
2021-03-28,21.5,17.1,28.5,3.2,6.8,1013.5
2021-03-29,22.1,16.5,28.0,3.1,8.1,1013.4
2021-03-30,20.9,16.2,25.6,1.7,7.7,1013.2
2021-03-31,20.8,14.9,27.5,2.1,6.3,1013.7
2021-04-01,20.6,16.7,26.1,5.2,6.6,1014.7
2021-04-02,21.0,17.1,27.2,17.6,6.5,1014.8
2021-04-03,21.1,15.7,26.8,1.0,5.8,1014.0
2021-04-04,20.0,15.7,25.6,25.8,5.4,1015.1
2021-04-05,19.5,16.0,24.6,45.1,5.1,1015.3
2021-04-06,20.1,15.8,26.0,3.3,6.0,1015.1
2021-04-07,19.8,16.0,25.2,2.5,6.2,1016.1
2021-04-08,19.1,15.7,25.4,2.1,4.4,1015.9
2021-04-09,19.9,16.5,26.4,15.0,5.6,1013.9
2021-04-10,19.5,16.3,24.2,9.2,5.5,1013.8
2021-04-11,19.8,15.7,25.3,5.9,5.1,1015.0
2021-04-12,19.6,15.7,24.7,5.4,6.2,1015.9
2021-04-13,19.4,16.8,25.2,6.1,6.2,1016.0
2021-04-14,19.7,16.0,25.0,13.4,5.2,1015.2
2021-04-15,20.1,16.5,25.8,2.3,4.7,1014.6
2021-04-16,20.0,15.4,25.2,1.4,4.9,1014.5
2021-04-17,20.4,16.8,26.0,2.8,5.6,1014.8
2021-04-18,19.7,16.6,24.7,27.8,6.2,1016.3
2021-04-19,19.6,16.4,25.4,8.0,6.0,1016.0
2021-04-20,19.5,16.5,24.4,17.5,4.5,1015.2
2021-04-21,19.5,17.0,25.6,23.6,5.6,1015.7
2021-04-22,19.6,16.0,25.1,11.9,6.0,1016.0
2021-04-23,19.4,16.5,25.0,22.1,6.0,1014.8
2021-04-24,19.5,16.9,24.8,23.7,5.5,1013.7
2021-04-25,19.3,17.0,25.0,38.5,5.8,1014.8
2021-04-26,19.9,15.6,25.5,2.4,5.6,1014.5
2021-04-27,19.7,16.0,25.5,3.2,5.8,1014.0
2021-04-28,19.8,17.0,24.6,12.5,5.4,1014.6
2021-04-29,20.0,17.0,25.2,9.2,6.1,1014.6
2021-04-30,20.2,17.0,25.7,3.2,6.5,1013.7
2021-05-01,20.2,16.2,26.3,2.3,5.8,1013.7
2021-05-02,20.2,17.4,26.0,4.0,4.1,1013.9
2021-05-03,19.6,17.1,24.6,17.5,3.5,1014.3
2021-05-04,19.6,16.1,24.2,10.3,4.4,1013.8
2021-05-05,19.7,16.7,25.6,37.8,6.6,1013.9
2021-05-06,19.7,16.3,24.2,2.4,5.0,1014.6
2021-05-07,19.6,16.2,25.7,54.1,4.0,1015.2
2021-05-08,19.2,15.8,24.0,20.2,5.5,1014.8
2021-05-09,19.0,15.6,22.6,8.7,5.3,1015.2
2021-05-10,18.7,16.4,23.1,26.0,3.4,1016.5
2021-05-11,18.1,16.1,21.7,16.3,2.5,1017.5
2021-05-12,17.7,15.4,21.1,9.5,4.1,1017.5
2021-05-13,18.2,16.1,21.8,8.8,4.5,1016.7
2021-05-14,18.6,16.2,24.0,4.3,4.6,1016.7
2021-05-15,19.0,15.2,24.6,0.9,5.6,1016.2
2021-05-16,19.1,13.9,24.5,0.0,4.9,1015.2
2021-05-17,19.8,15.2,24.0,0.3,5.3,1015.5
2021-05-18,19.6,16.9,24.5,4.7,5.6,1016.7
2021-05-19,19.7,16.0,24.9,0.0,5.4,1016.7
2021-05-20,19.6,16.5,24.5,2.1,4.9,1016.7
2021-05-21,18.4,15.5,22.3,0.2,5.8,1017.5
2021-05-22,18.4,15.8,22.7,0.4,4.8,1017.3
2021-05-23,18.7,15.7,23.6,0.5,5.0,1016.7
2021-05-24,18.0,15.1,21.8,2.5,4.6,1018.2
2021-05-25,17.8,14.5,21.5,0.6,4.0,1018.2
2021-05-26,17.6,14.5,21.1,0.0,4.5,1018.0
2021-05-27,18.4,13.4,23.2,0.2,4.9,1018.0
2021-05-28,18.4,15.6,23.0,4.7,5.2,1018.1
2021-05-29,17.6,15.7,21.2,6.8,6.3,1017.8
2021-05-30,18.2,15.8,22.6,5.0,4.7,1017.7
2021-05-31,18.2,15.9,22.2,2.2,4.1,1016.7
2021-06-01,18.1,15.0,22.4,2.8,5.9,1016.1
2021-06-02,18.5,15.0,22.6,0.7,5.1,1017.2
2021-06-03,19.1,15.4,23.8,0.3,4.7,1017.3
2021-06-04,18.7,15.7,22.8,0.9,3.8,1017.8
2021-06-05,18.3,15.5,23.1,0.5,4.0,1017.6
2021-06-06,18.4,15.5,23.2,6.4,4.8,1018.2
2021-06-07,18.7,14.4,24.7,0.6,4.8,1018.5
2021-06-08,18.0,13.6,22.0,1.2,5.0,1019.0
2021-06-09,17.9,15.0,21.6,1.7,4.5,1018.5
2021-06-10,18.1,14.9,22.5,1.0,5.0,1017.1
2021-06-11,17.8,15.1,21.8,2.3,5.1,1016.7
2021-06-12,17.0,14.5,20.3,4.1,3.2,1017.7
2021-06-13,17.0,14.3,21.2,2.0,4.0,1018.8
2021-06-14,18.1,13.5,23.5,0.0,4.3,1017.2
2021-06-15,17.9,13.6,23.7,0.0,4.2,1016.4
2021-06-16,17.4,14.3,20.9,0.2,3.4,1017.5
2021-06-17,17.5,14.8,21.4,2.4,4.2,1018.7
2021-06-18,18.3,14.2,22.8,2.3,4.7,1019.3
2021-06-19,17.8,15.4,21.7,11.5,5.4,1020.1
2021-06-20,16.4,14.0,21.0,4.5,3.4,1020.1
2021-06-21,18.0,13.6,23.1,0.0,5.1,1019.1
2021-06-22,17.4,14.4,21.7,4.0,4.7,1018.9
2021-06-23,17.1,13.8,21.7,1.4,5.0,1019.2
2021-06-24,17.6,14.0,22.2,0.7,4.7,1018.9
2021-06-25,16.8,13.6,20.2,0.7,4.9,1018.3
2021-06-26,17.1,14.7,20.4,2.9,4.5,1016.8
2021-06-27,16.4,14.5,19.2,2.2,4.7,1017.2
2021-06-28,17.0,13.6,22.5,2.9,3.7,1018.2
2021-06-29,17.8,14.5,22.7,6.8,5.5,1018.9
2021-06-30,17.5,14.5,22.4,3.6,5.8,1019.7
2021-07-01,18.6,13.9,23.8,0.6,3.9,1018.5
2021-07-02,17.3,14.6,21.0,1.5,4.7,1019.0
2021-07-03,17.1,13.7,21.7,0.0,3.7,1017.8
2021-07-04,17.0,12.3,21.1,0.0,3.5,1018.1
2021-07-05,16.2,13.0,19.9,1.4,4.1,1018.3
2021-07-06,16.4,13.7,19.7,2.3,5.4,1017.7
2021-07-07,17.2,13.1,21.8,0.0,5.4,1017.7
2021-07-08,16.3,14.5,19.1,6.9,3.7,1019.6
2021-07-09,16.2,14.0,19.0,6.7,3.9,1019.6
2021-07-10,16.3,14.0,19.7,2.0,4.5,1018.9
2021-07-11,17.2,12.8,20.4,1.0,3.9,1018.6
2021-07-12,17.1,13.9,20.6,3.4,4.3,1019.4
2021-07-13,17.8,14.6,21.7,3.1,4.4,1018.3
2021-07-14,18.1,14.9,23.5,10.2,4.5,1017.9
2021-07-15,17.8,15.2,21.6,5.9,3.7,1018.0
2021-07-16,17.7,14.7,22.2,2.7,4.4,1017.9
2021-07-17,17.0,13.1,20.2,1.4,6.4,1018.3
2021-07-18,17.6,14.5,21.6,0.9,5.6,1018.0
2021-07-19,17.6,14.2,22.2,0.1,4.8,1018.4
2021-07-20,17.1,14.4,21.0,2.0,5.4,1019.5
2021-07-21,17.2,14.2,21.7,0.9,4.4,1021.4
2021-07-22,18.5,14.2,22.6,1.0,4.9,1020.2
2021-07-23,17.3,13.5,20.9,10.6,5.4,1018.5
2021-07-24,18.1,14.2,22.7,1.6,6.0,1017.9
2021-07-25,17.0,13.7,21.3,0.2,5.5,1018.7
2021-07-26,16.8,11.9,21.4,0.0,5.1,1018.6
2021-07-27,16.9,11.8,21.8,0.0,5.4,1018.3
2021-07-28,16.6,13.7,20.2,0.0,4.6,1018.3
2021-07-29,16.1,13.8,20.0,1.0,4.4,1019.5
2021-07-30,16.3,13.9,19.8,4.5,3.9,1020.0
2021-07-31,17.8,11.8,23.0,0.5,5.5,1020.7
2021-08-01,17.5,13.5,21.3,3.8,4.9,1020.7
2021-08-02,17.0,13.5,22.3,1.6,4.5,1020.3
2021-08-03,17.8,14.3,22.6,0.2,4.0,1020.3
2021-08-04,17.5,14.0,21.2,0.7,5.1,1021.7
2021-08-05,17.5,14.3,22.2,3.0,3.9,1021.2
2021-08-06,17.2,14.0,22.2,0.8,4.0,1019.7
2021-08-07,17.7,14.4,21.6,1.4,4.1,1018.5
2021-08-08,16.9,14.4,20.5,3.1,4.9,1018.8
2021-08-09,18.4,12.9,24.0,0.9,4.5,1017.3
2021-08-10,18.6,14.0,24.3,3.5,4.1,1016.9
2021-08-11,16.9,14.9,20.5,3.2,5.0,1017.7
2021-08-12,16.9,13.5,20.4,3.2,5.0,1018.5
2021-08-13,17.5,13.5,22.0,0.1,4.9,1018.4
2021-08-14,17.7,15.2,21.1,1.1,4.7,1018.7
2021-08-15,17.4,14.5,21.6,2.3,4.6,1018.6
2021-08-16,16.7,14.1,21.3,5.2,3.8,1019.8
2021-08-17,17.5,14.5,21.9,3.9,4.6,1019.6
2021-08-18,17.2,14.1,22.6,5.7,5.4,1017.6
2021-08-19,18.5,14.3,24.1,1.0,4.7,1015.7
2021-08-20,18.7,12.8,24.4,0.8,4.5,1015.5
2021-08-21,19.6,15.7,25.7,2.8,5.0,1016.2
2021-08-22,19.4,14.7,25.6,4.3,6.8,1016.7
2021-08-23,19.3,15.3,26.2,0.4,5.1,1016.2
2021-08-24,18.1,10.0,25.0,0.0,5.6,1016.2
2021-08-25,18.3,13.6,24.7,0.3,5.5,1016.4
2021-08-26,18.2,12.2,24.6,0.0,4.5,1016.3
2021-08-27,18.2,9.0,26.5,0.0,4.7,1016.3
2021-08-28,18.8,10.0,27.0,0.0,5.7,1014.8
2021-08-29,19.5,11.0,27.2,0.0,4.1,1012.5
2021-08-30,19.4,13.7,26.3,0.3,5.5,1013.1
2021-08-31,18.5,14.2,23.0,6.3,4.7,1014.4
2021-09-01,18.9,14.5,24.2,2.8,5.0,1015.5
2021-09-02,19.1,15.6,24.1,9.7,4.6,1015.9
2021-09-03,17.8,15.0,22.4,6.0,6.4,1016.2
2021-09-04,17.6,14.5,22.2,4.8,5.1,1016.8
2021-09-05,18.3,14.9,23.3,0.8,4.6,1017.5
2021-09-06,17.9,14.7,22.7,6.1,5.6,1018.2
2021-09-07,18.1,14.9,22.8,5.8,4.6,1017.4
2021-09-08,18.6,14.9,24.2,3.5,4.9,1017.3
2021-09-09,18.0,15.0,22.6,8.6,6.7,1018.4
2021-09-10,17.2,14.8,21.2,12.5,4.6,1019.7
2021-09-11,17.8,13.5,23.0,0.5,5.3,1019.1
2021-09-12,18.4,14.5,24.6,2.0,4.9,1018.5
2021-09-13,18.3,14.7,25.2,4.2,6.6,1017.3
2021-09-14,19.0,14.9,25.3,0.6,5.5,1016.5
2021-09-15,18.9,15.4,23.9,1.2,4.4,1016.6
2021-09-16,19.7,16.0,25.6,3.0,5.2,1015.4
2021-09-17,20.2,15.3,26.2,0.3,5.3,1013.6
2021-09-18,19.5,13.5,26.4,2.5,6.4,1015.2
2021-09-19,20.3,14.2,26.5,0.5,6.4,1015.5
2021-09-20,18.8,11.1,25.8,0.0,5.6,1015.8
2021-09-21,19.5,15.5,25.3,2.8,5.9,1016.6
2021-09-22,20.1,15.7,26.0,3.1,4.8,1016.7
2021-09-23,19.2,15.7,24.7,2.1,5.8,1016.8
2021-09-24,18.9,15.2,25.3,6.5,5.4,1017.0
2021-09-25,19.5,15.6,24.8,1.0,4.4,1017.3
2021-09-26,18.4,15.0,23.7,6.3,5.7,1017.2
2021-09-27,20.0,14.5,28.0,0.0,4.9,1015.4
2021-09-28,19.4,12.1,28.0,0.1,4.8,1014.8
2021-09-29,20.1,12.0,29.0,0.3,6.0,1014.3
2021-09-30,20.5,16.6,27.1,3.7,6.5,1014.9
2021-10-01,19.3,15.9,24.5,10.0,6.8,1015.0
2021-10-02,20.4,15.4,27.5,0.1,5.7,1013.9
2021-10-03,20.1,13.7,26.9,0.0,4.6,1014.2
2021-10-04,20.4,13.4,28.1,0.2,5.7,1014.3
2021-10-05,20.0,14.1,28.6,0.2,6.2,1014.4
2021-10-06,19.9,12.0,27.0,0.1,6.7,1014.1
2021-10-07,20.6,14.5,26.9,0.1,6.3,1014.1
2021-10-08,20.9,15.3,27.3,0.4,7.8,1013.2
2021-10-09,19.9,16.3,24.5,3.2,6.0,1014.8
2021-10-10,20.3,16.7,26.5,6.1,5.7,1015.3
2021-10-11,20.0,16.6,24.8,1.8,5.5,1015.7
2021-10-12,20.7,16.0,26.1,0.6,6.1,1015.2
2021-10-13,19.2,14.5,24.1,0.5,5.7,1015.7
2021-10-14,20.4,16.5,27.6,6.0,5.4,1015.5
2021-10-15,20.8,15.0,28.3,0.3,6.3,1014.9
2021-10-16,20.4,15.9,28.2,1.6,6.1,1014.1
2021-10-17,20.6,14.4,27.2,0.8,6.8,1013.3
2021-10-18,20.9,14.5,27.7,0.3,7.3,1013.6
2021-10-19,20.4,16.2,26.7,1.3,8.0,1015.2
2021-10-20,18.4,16.2,24.5,23.1,6.1,1017.4
2021-10-21,19.1,16.0,23.6,13.2,5.6,1016.8
2021-10-22,20.2,15.6,26.7,1.9,7.0,1016.2
2021-10-23,20.6,14.6,27.0,0.3,8.4,1016.3
2021-10-24,21.3,14.6,27.7,0.5,10.0,1015.4
2021-10-25,20.8,16.2,28.0,0.7,8.2,1016.4
2021-10-26,20.0,15.9,26.7,3.8,6.5,1016.9
2021-10-27,19.6,16.1,25.3,19.8,5.6,1017.5
2021-10-28,20.5,16.5,26.4,2.9,5.2,1015.3
2021-10-29,20.1,14.8,27.7,0.4,7.8,1014.1
2021-10-30,19.7,15.7,25.1,8.9,8.3,1015.0
2021-10-31,20.9,16.1,25.9,1.4,10.6,1015.5
2021-11-01,20.8,15.5,26.0,1.0,12.5,1015.1
2021-11-02,20.0,15.5,25.2,1.8,9.0,1014.6
2021-11-03,20.6,15.0,25.9,0.5,9.0,1015.1
2021-11-04,20.7,15.5,27.7,0.6,8.7,1015.4
2021-11-05,20.1,15.2,28.0,0.6,7.5,1015.4
2021-11-06,21.0,14.9,27.7,0.3,7.2,1014.2
2021-11-07,21.0,15.6,27.4,0.2,6.6,1013.1
2021-11-08,20.7,14.4,27.2,0.5,5.9,1012.8
2021-11-09,20.6,14.0,27.4,0.0,7.6,1014.7
2021-11-10,20.0,15.7,25.7,2.1,8.0,1016.1
2021-11-11,20.7,15.4,26.5,1.2,7.7,1014.1
2021-11-12,20.7,15.4,27.2,0.3,8.1,1013.5
2021-11-13,20.5,16.1,25.8,1.0,8.0,1014.5
2021-11-14,19.5,16.5,25.4,7.4,6.7,1015.9
2021-11-15,20.1,16.4,25.7,1.3,5.7,1015.4
2021-11-16,19.8,16.2,24.9,0.7,5.9,1013.9
2021-11-17,20.0,15.1,25.3,1.3,8.9,1013.7
2021-11-18,20.3,15.8,25.6,0.8,7.0,1015.1
2021-11-19,20.4,14.3,26.4,0.5,7.4,1014.1
2021-11-20,20.4,15.4,26.9,4.3,7.6,1013.1
2021-11-21,19.9,15.7,26.0,2.4,7.7,1013.6
2021-11-22,20.5,14.8,26.7,0.4,7.7,1014.5
2021-11-23,20.8,14.5,27.2,0.0,9.6,1014.1
2021-11-24,21.5,15.1,28.0,0.0,7.9,1012.8
2021-11-25,21.7,16.3,27.7,0.7,10.6,1012.2
2021-11-26,20.5,14.5,27.0,0.3,6.5,1014.6
2021-11-27,18.6,15.6,24.5,13.3,5.9,1016.6
2021-11-28,18.3,15.5,24.7,6.0,5.5,1016.1
2021-11-29,18.8,15.0,24.0,4.7,6.2,1015.4
2021-11-30,18.1,15.2,23.1,25.2,6.1,1016.1
2021-12-01,19.1,14.1,24.8,0.1,7.2,1014.7
2021-12-02,17.9,14.2,23.1,1.4,4.1,1015.4
2021-12-03,17.8,14.5,21.8,10.1,4.5,1016.3
2021-12-04,18.2,13.7,23.0,4.7,6.1,1016.7
2021-12-05,18.3,14.0,23.5,1.4,8.8,1016.6
2021-12-06,18.6,13.0,24.0,1.4,7.9,1016.6
2021-12-07,19.0,13.2,24.1,1.3,6.7,1016.6
2021-12-08,19.3,15.2,24.5,1.5,5.7,1016.4
2021-12-09,19.0,13.4,24.4,2.2,6.1,1016.3
2021-12-10,19.6,16.0,24.7,0.8,8.7,1015.1
2021-12-11,19.2,13.7,25.7,0.0,8.6,1014.6
2021-12-12,19.0,13.0,24.6,0.0,10.7,1015.2
2021-12-13,18.6,11.8,23.8,0.5,9.7,1015.1
2021-12-14,18.6,15.8,23.1,2.6,6.3,1014.9
2021-12-15,18.4,15.4,22.6,4.5,5.4,1014.8
2021-12-16,19.0,14.0,24.6,0.6,8.7,1014.8
2021-12-17,19.0,14.0,24.8,0.2,8.8,1015.2
2021-12-18,19.3,14.4,25.0,1.7,7.6,1015.4
2021-12-19,19.6,15.9,24.6,1.9,5.5,1015.6
2021-12-20,19.8,15.2,24.7,2.0,7.3,1015.9
2021-12-21,18.9,15.3,22.7,3.8,8.7,1016.8
2021-12-22,19.2,14.9,24.6,1.2,9.4,1015.3
2021-12-23,19.6,14.8,25.7,0.7,9.4,1014.6
2021-12-24,19.6,15.4,25.2,1.6,9.0,1014.3
2021-12-25,19.2,15.5,23.3,6.8,6.6,1015.0
2021-12-26,18.7,15.2,22.7,13.2,7.2,1015.8
2021-12-27,19.0,13.2,25.1,0.6,8.9,1015.3
2021-12-28,18.8,14.6,23.9,2.4,7.1,1015.8
2021-12-29,19.2,14.0,25.4,0.0,6.9,1014.5
2021-12-30,19.5,14.0,25.2,6.0,7.7,1013.8
2021-12-31,19.4,13.7,25.7,0.1,8.6,1014.2
2022-01-01,19.0,12.8,25.7,0.8,9.3,1015.0
2022-01-02,19.3,12.9,26.3,0.0,9.3,1014.0
2022-01-03,19.3,12.6,26.8,0.0,8.5,1013.7
2022-01-04,19.7,11.8,27.1,0.0,7.9,1014.2
2022-01-05,19.4,12.3,26.6,0.3,8.3,1014.9
2022-01-06,19.1,14.0,24.7,0.7,7.5,1015.3
2022-01-07,19.2,13.7,25.5,1.7,8.7,1014.9
2022-01-08,19.3,12.5,26.3,0.2,10.0,1014.5
2022-01-09,18.6,12.4,25.8,1.8,9.7,1014.3
2022-01-10,19.3,11.1,26.2,0.3,10.1,1013.6
2022-01-11,19.6,11.6,26.6,0.0,12.2,1013.6
2022-01-12,19.2,11.5,26.3,0.0,12.6,1014.6
2022-01-13,19.5,10.8,27.8,0.0,9.8,1014.4
2022-01-14,20.3,13.2,27.6,0.0,8.9,1013.8
2022-01-15,20.3,14.0,27.1,1.4,8.0,1013.1
2022-01-16,20.9,15.2,28.1,0.3,8.9,1012.2
2022-01-17,20.5,16.3,26.6,6.9,6.0,1013.9
2022-01-18,19.4,16.5,25.3,6.8,5.5,1014.7
2022-01-19,20.4,14.0,28.3,0.0,6.1,1014.1
2022-01-20,20.1,12.1,27.7,0.1,7.9,1013.6
2022-01-21,19.9,14.2,25.3,0.9,8.2,1014.0
2022-01-22,20.0,13.7,26.1,0.8,9.9,1014.0
2022-01-23,19.8,13.3,28.2,0.0,9.5,1013.6
2022-01-24,20.2,14.0,27.6,0.2,10.2,1012.4
2022-01-25,20.9,15.6,27.1,0.0,11.6,1012.1
2022-01-26,20.0,13.0,27.7,0.0,11.0,1012.7
2022-01-27,19.8,12.5,26.8,0.0,11.6,1013.2
2022-01-28,21.0,12.0,28.5,0.0,9.4,1012.2
2022-01-29,20.6,14.1,27.9,0.2,9.2,1013.3
2022-01-30,20.1,13.7,26.5,0.7,8.9,1012.9
2022-01-31,20.8,15.2,27.2,0.5,7.9,1012.5
2022-02-01,21.3,14.7,27.2,1.6,9.0,1012.0
2022-02-02,21.1,15.9,26.7,10.6,9.7,1013.2
2022-02-03,20.0,15.6,24.5,1.9,9.0,1014.0
2022-02-04,20.4,14.2,26.2,0.8,10.9,1013.0
2022-02-05,20.7,13.4,28.4,0.2,9.1,1012.2
2022-02-06,21.6,15.6,28.4,0.4,8.9,1012.2
2022-02-07,20.6,15.8,26.1,0.5,9.5,1013.4
2022-02-08,20.8,14.1,26.6,0.1,11.8,1013.9
2022-02-09,21.1,15.0,27.9,0.0,13.3,1013.0
2022-02-10,20.7,12.6,28.2,0.0,9.7,1012.2
2022-02-11,21.3,14.0,27.7,0.6,10.3,1012.0
2022-02-12,20.9,13.6,27.2,0.5,10.0,1012.2
2022-02-13,21.1,14.5,27.6,0.2,8.6,1011.4
2022-02-14,21.4,14.1,27.9,0.2,8.7,1011.2
2022-02-15,21.5,14.8,28.4,0.1,7.2,1012.7
2022-02-16,22.1,14.7,28.9,0.1,8.5,1011.0
2022-02-17,22.4,13.5,30.2,0.0,8.6,1009.6
2022-02-18,22.7,15.2,29.5,0.3,8.5,1010.3
2022-02-19,22.5,16.1,28.6,0.1,9.4,1011.1
2022-02-20,23.0,15.5,30.0,0.2,10.3,1011.6
2022-02-21,22.4,14.7,29.0,0.1,9.9,1011.4
2022-02-22,22.0,16.9,28.1,2.7,6.6,1011.1
2022-02-23,20.9,16.4,27.7,5.1,8.3,1012.4
2022-02-24,19.7,16.1,24.4,2.2,9.0,1015.0
2022-02-25,20.6,15.5,26.8,2.1,8.4,1014.5
2022-02-26,21.3,14.6,28.7,0.0,8.4,1014.0
2022-02-27,22.2,14.7,29.5,0.0,10.5,1012.9
2022-02-28,22.2,13.7,29.1,0.0,13.6,1012.8
2022-03-01,21.4,15.0,26.9,1.4,9.7,1013.4
2022-03-02,21.1,13.8,27.6,0.0,13.0,1012.8
2022-03-03,21.7,14.3,28.3,0.0,10.8,1013.0
2022-03-04,22.2,14.2,29.3,0.1,10.5,1011.8
2022-03-05,21.8,14.1,29.1,0.0,10.4,1011.8
2022-03-06,21.2,14.5,28.0,0.4,10.6,1011.3
2022-03-07,21.3,13.9,28.1,0.5,9.2,1011.0
2022-03-08,21.8,14.5,28.2,0.3,8.7,1011.1
2022-03-09,21.9,14.6,28.8,0.2,8.4,1010.9
2022-03-10,22.3,15.5,29.4,0.0,10.0,1011.4
2022-03-11,22.0,13.6,29.8,0.0,10.6,1011.3
2022-03-12,22.1,13.1,29.8,0.0,10.6,1010.9
2022-03-13,22.6,14.6,29.2,0.1,10.2,1010.6
2022-03-14,22.9,15.6,29.8,0.1,8.8,1012.0
2022-03-15,22.8,14.1,31.1,0.2,9.4,1011.7
2022-03-16,23.1,15.0,30.6,0.0,9.6,1010.3
2022-03-17,23.2,16.2,30.1,0.0,10.7,1010.7
2022-03-18,21.8,14.5,28.2,0.0,9.8,1013.0
2022-03-19,22.2,16.1,29.7,0.4,8.9,1013.7
2022-03-20,23.6,16.9,30.6,0.0,8.7,1012.5
2022-03-21,23.2,17.6,29.7,0.5,8.6,1012.4
2022-03-22,22.4,16.7,29.1,0.5,8.4,1013.0
2022-03-23,22.6,16.0,30.3,0.0,8.1,1013.8
2022-03-24,22.6,17.4,29.6,0.9,6.7,1013.8
2022-03-25,22.8,15.6,30.2,0.5,7.8,1012.9
2022-03-26,21.7,16.6,28.1,1.4,8.3,1013.5
2022-03-27,20.6,16.6,27.2,1.6,6.4,1014.4
2022-03-28,21.0,14.7,28.1,9.2,6.0,1014.0
2022-03-29,20.6,15.6,27.2,0.3,7.9,1012.8
2022-03-30,20.9,15.6,26.3,1.2,9.3,1012.9
2022-03-31,20.9,16.4,26.0,2.2,9.2,1013.5
2022-04-01,19.6,17.0,23.8,5.3,7.4,1015.3
2022-04-02,20.2,15.8,25.5,1.4,9.6,1014.7
2022-04-03,20.1,16.4,25.3,5.5,8.4,1014.3
2022-04-04,20.9,14.0,27.5,0.2,8.9,1013.9
2022-04-05,22.0,15.4,28.2,0.1,8.4,1014.0
2022-04-06,21.6,16.4,27.0,1.3,9.0,1014.4
2022-04-07,21.7,15.3,27.2,0.2,9.0,1014.5
2022-04-08,21.9,17.6,28.0,0.1,7.4,1014.5
2022-04-09,21.7,17.0,27.2,1.6,5.5,1013.6
2022-04-10,20.6,16.8,26.4,2.9,7.6,1013.9
2022-04-11,21.6,17.4,27.9,0.3,7.4,1013.0
2022-04-12,21.5,16.4,28.1,2.0,6.5,1013.0
2022-04-13,21.7,17.4,28.2,2.8,3.2,1011.6
2022-04-14,20.7,16.7,26.0,6.1,5.8,1012.2
2022-04-15,21.0,16.6,26.0,4.1,5.4,1012.9
2022-04-16,21.2,16.1,28.0,1.4,6.6,1013.1
2022-04-17,21.8,16.7,27.0,8.2,6.7,1013.5
2022-04-18,20.7,17.2,26.0,8.4,4.3,1013.5
2022-04-19,21.2,17.2,26.5,6.6,5.5,1014.2
2022-04-20,20.6,16.0,25.0,13.7,3.9,1014.4
2022-04-21,20.1,16.7,25.0,13.8,5.6,1013.8
2022-04-22,20.2,16.8,25.1,12.4,5.1,1013.6
2022-04-23,19.8,16.8,23.0,4.2,4.9,1013.3
2022-04-24,19.8,16.9,25.5,4.2,5.4,1013.0
2022-04-25,20.5,17.0,26.0,1.7,3.0,1012.7
2022-04-26,20.0,16.5,25.0,7.4,5.4,1013.5
2022-04-27,20.2,15.9,25.0,9.5,5.5,1013.6
2022-04-28,18.8,16.0,23.0,17.1,2.6,1014.6
2022-04-29,19.6,15.7,25.0,6.2,4.0,1015.2
2022-04-30,20.1,16.6,26.0,8.0,4.2,1015.5
2022-05-01,20.4,16.7,25.0,7.6,4.7,1016.0
2022-05-02,19.9,16.3,25.0,8.3,5.3,1016.2
2022-05-03,20.0,16.4,25.0,17.3,5.2,1016.4
2022-05-04,20.0,15.0,25.0,4.8,3.7,1017.0
2022-05-05,19.3,16.1,24.0,16.7,4.4,1017.7
2022-05-06,19.9,17.0,24.0,5.6,3.7,1015.8
2022-05-07,19.7,16.9,25.0,18.1,3.7,1015.4
2022-05-08,20.8,16.7,26.0,0.0,3.5,1014.9
2022-05-09,20.9,16.7,26.0,3.9,4.1,1015.4
2022-05-10,20.6,17.0,25.5,0.2,5.0,1015.0
2022-05-11,20.8,16.9,25.0,0.0,6.2,1015.1
2022-05-12,20.0,14.0,26.0,0.3,4.8,1016.1
2022-05-13,19.6,14.0,26.0,0.0,4.9,1016.2
2022-05-14,20.3,17.0,25.1,0.8,3.7,1016.8
2022-05-15,19.8,16.0,25.0,0.0,3.7,1018.1
2022-05-16,18.8,15.0,24.0,4.8,3.7,1018.7
2022-05-17,19.3,16.0,23.0,0.9,4.2,1017.4
2022-05-18,19.2,16.6,24.0,0.6,3.6,1016.7
2022-05-19,19.1,15.0,24.0,0.0,4.9,1016.4
2022-05-20,19.3,15.0,24.0,1.6,4.2,1016.4
2022-05-21,20.1,15.5,25.0,0.0,3.6,1016.3
2022-05-22,20.0,16.7,26.0,2.7,3.1,1015.7
2022-05-23,21.0,15.9,26.0,0.0,3.8,1014.3
2022-05-24,19.5,13.0,25.0,0.0,4.2,1014.9
2022-05-25,20.4,17.0,25.0,2.6,4.0,1016.6
2022-05-26,20.2,17.0,25.0,2.6,4.1,1016.6
2022-05-28,19.6,16.0,24.4,1.1,4.2,1016.0
2022-05-29,19.1,16.6,23.3,3.0,3.8,1016.7
2022-05-30,18.9,15.7,24.0,0.9,3.5,1017.5
2022-05-31,19.3,16.0,25.0,2.3,2.8,1016.9
2022-06-01,19.4,15.5,25.0,8.3,4.3,1016.2
2022-06-02,19.3,15.7,25.0,7.4,6.0,1016.8
2022-06-03,18.3,14.4,23.5,0.2,5.3,1016.9
2022-06-04,19.3,14.2,25.0,0.0,4.8,1016.3
2022-06-05,19.4,14.2,25.0,0.1,4.4,1015.9
2022-06-06,18.5,14.1,23.0,1.3,3.6,1015.9
2022-06-07,18.4,15.0,22.0,0.3,2.2,1016.0
2022-06-08,19.2,15.0,23.7,1.1,2.9,1016.4
2022-06-09,18.4,14.0,22.0,0.0,2.5,1016.5
2022-06-10,19.1,15.0,24.5,0.3,3.4,1017.3
2022-06-11,19.8,15.0,25.0,2.1,4.6,1017.5
2022-06-12,19.0,16.0,23.7,2.3,4.6,1017.1
2022-06-13,18.1,15.0,22.0,4.1,2.8,1017.1
2022-06-14,18.7,14.8,25.0,0.4,4.2,1016.4
2022-06-15,19.2,13.6,24.9,0.1,2.6,1015.9
2022-06-16,19.2,14.9,25.0,0.4,4.7,1016.0
2022-06-17,17.8,14.5,22.6,0.5,5.4,1016.0
2022-06-18,18.4,14.7,24.0,2.9,5.8,1015.9
2022-06-19,17.4,14.8,21.0,3.3,2.6,1016.9
2022-06-20,17.5,15.0,21.0,0.4,2.7,1018.2
2022-06-21,17.9,13.7,24.0,0.0,3.6,1016.8
2022-06-22,18.0,12.9,22.4,0.0,4.3,1015.7
2022-06-23,18.0,15.0,21.0,2.3,3.5,1017.2
2022-06-24,17.4,14.0,20.6,2.6,3.1,1017.5
2022-06-25,17.7,14.9,21.0,2.8,3.3,1017.6
2022-06-26,18.4,14.7,23.0,0.2,3.5,1017.9
2022-06-27,17.8,14.0,22.0,0.2,3.3,1019.2
2022-06-28,17.6,13.5,21.3,0.9,4.3,1018.8
2022-06-29,16.2,10.0,22.0,0.8,4.0,1018.9
2022-06-30,18.5,14.2,23.0,2.9,3.3,1018.6
2022-07-01,16.9,15.0,20.0,2.4,3.3,1019.4
2022-07-02,17.7,13.9,24.0,4.1,3.3,1018.9
2022-07-03,17.8,11.2,24.0,0.0,3.7,1019.3
2022-07-04,17.4,11.4,23.0,0.0,3.9,1019.0
2022-07-05,16.4,13.8,20.8,2.7,2.8,1018.4
2022-07-06,17.6,13.8,22.0,0.0,3.4,1017.4
2022-07-07,16.1,13.2,20.4,0.6,1.6,1019.2
2022-07-08,14.5,13.0,17.1,11.9,0.6,1020.4
2022-07-09,15.0,12.0,18.0,6.3,1.6,1019.9
2022-07-10,16.6,14.0,20.5,2.2,2.4,1018.5
2022-07-11,16.7,13.7,21.0,5.0,3.9,1019.1
2022-07-12,15.2,13.0,19.2,13.6,3.4,1020.4
2022-07-13,18.4,13.0,25.0,1.7,5.8,1018.9
2022-07-14,18.1,11.6,24.0,0.4,5.2,1017.8
2022-07-15,18.7,14.6,24.0,1.7,4.2,1017.2
2022-07-16,17.4,14.5,20.5,4.7,2.3,1018.1
2022-07-17,15.7,14.0,18.0,4.4,1.0,1018.6
2022-07-18,16.9,14.0,20.0,0.9,2.2,1018.5
2022-07-19,16.0,14.0,19.0,4.2,2.3,1018.8
2022-07-20,17.0,14.0,22.0,4.4,5.9,1018.7
2022-07-21,17.1,13.6,21.4,7.5,5.3,1018.3
2022-07-22,16.4,13.9,19.0,11.6,3.6,1018.4
2022-07-23,16.9,13.0,23.0,0.8,3.4,1018.2
2022-07-24,17.3,12.7,22.6,0.0,2.3,1016.5
2022-07-25,17.9,14.0,22.0,0.1,1.9,1017.2
2022-07-26,17.6,14.4,22.0,2.2,1.6,1017.2
2022-07-27,17.1,14.0,22.0,0.8,3.4,1016.2
2022-07-28,16.8,14.0,22.0,6.3,2.7,1016.7
2022-07-29,17.0,14.8,20.5,3.9,3.8,1017.4
2022-07-30,17.6,14.7,22.2,2.6,7.2,1017.6
2022-07-31,17.3,14.7,22.1,8.0,2.9,1017.2
2022-08-01,16.4,14.9,20.8,9.1,1.8,1018.0
2022-08-02,15.2,14.0,18.8,5.6,1.2,1018.7
2022-08-03,15.7,13.8,17.0,2.1,2.5,1017.9
2022-08-04,14.9,13.9,16.0,13.7,2.2,1018.7
2022-08-05,15.2,13.0,18.0,9.9,2.5,1018.6
2022-08-06,16.1,13.9,20.0,2.8,2.3,1017.8
2022-08-07,15.2,11.8,17.6,0.1,3.6,1017.0
2022-08-08,15.8,12.3,19.0,0.3,3.0,1017.3
2022-08-09,15.8,13.0,19.0,2.7,1.5,1017.6
2022-08-10,17.5,13.8,23.0,0.2,3.1,1017.0
2022-08-11,16.2,13.0,20.0,9.2,3.8,1017.7
2022-08-12,16.2,13.0,19.0,9.3,4.1,1017.8
2022-08-13,16.0,13.0,20.0,6.8,2.9,1017.2
2022-08-14,16.4,14.0,19.7,3.4,3.4,1016.3
2022-08-15,17.0,14.9,20.0,4.9,0.8,1015.6
2022-08-16,18.5,15.0,22.0,1.1,1.9,1016.0
2022-08-17,16.8,14.8,20.0,3.0,3.8,1016.7
2022-08-18,16.9,10.9,24.0,0.0,2.6,1016.1
2022-08-19,18.5,12.8,26.0,0.0,4.5,1016.3
2022-08-20,19.0,11.8,26.0,0.0,6.0,1016.0
2022-08-21,18.5,11.0,26.0,0.0,6.5,1016.5
2022-08-22,18.5,14.8,24.0,0.0,3.9,1017.3
2022-08-23,16.6,12.3,20.8,0.0,4.3,1018.3
2022-08-24,17.7,14.6,21.7,0.5,4.1,1018.9
2022-08-25,16.6,14.0,20.0,2.0,4.3,1017.8
2022-08-26,16.6,14.0,20.6,6.3,2.6,1016.3
2022-08-27,15.8,14.0,18.0,6.0,2.0,1017.1
2022-08-28,17.2,14.0,21.0,0.6,1.4,1016.4
2022-08-29,18.9,14.9,25.0,1.5,4.3,1016.6
2022-08-30,18.7,14.2,25.0,0.0,3.8,1016.3
2022-08-31,17.5,14.8,21.0,0.0,3.8,1017.0
2022-09-01,18.7,14.6,24.0,0.1,3.3,1016.7
2022-09-02,16.8,15.0,21.0,1.3,4.1,1017.1
2022-09-03,16.4,14.0,20.0,3.2,6.7,1018.2
2022-09-04,17.1,13.6,21.2,0.5,3.8,1018.2
2022-09-05,18.0,14.0,23.0,0.0,1.4,1017.9
2022-09-06,17.7,14.8,23.0,0.7,0.7,1017.4
2022-09-07,16.1,14.0,20.1,4.4,2.4,1017.4
2022-09-08,16.8,14.0,20.0,2.0,3.5,1017.4
2022-09-09,17.3,15.0,21.0,0.4,3.0,1017.1
2022-09-10,17.9,14.0,23.0,1.4,3.7,1017.6
2022-09-11,18.7,15.0,23.6,0.0,4.8,1016.7
2022-09-12,18.4,14.9,24.0,1.3,3.2,1015.4
2022-09-13,17.6,15.0,21.0,0.0,3.3,1015.9
2022-09-14,18.3,15.0,22.0,2.4,3.3,1017.6
2022-09-15,18.0,14.0,22.0,2.7,3.3,1018.8
2022-09-16,18.6,14.9,23.6,1.1,5.2,1018.0
2022-09-17,17.6,14.0,22.0,3.0,5.4,1016.4
2022-09-18,18.7,15.0,23.2,0.4,2.9,1016.6
2022-09-19,20.2,14.0,27.0,0.0,6.0,1016.7
2022-09-20,20.1,15.8,26.0,1.8,5.4,1016.3
2022-09-21,20.1,15.1,27.0,0.8,3.2,1015.2
2022-09-22,20.3,15.2,27.0,0.3,6.1,1015.5
2022-09-23,20.1,13.2,27.0,0.0,6.3,1015.8
2022-09-24,20.0,12.3,27.5,1.6,6.0,1016.0
2022-09-25,19.6,15.0,25.3,4.6,4.1,1016.0
2022-09-26,19.6,15.5,24.0,8.2,3.3,1017.0
2022-09-27,19.8,14.7,27.0,2.6,6.9,1016.7
2022-09-28,19.4,12.2,27.4,0.0,5.6,1015.8
2022-09-29,19.4,10.9,27.2,0.0,4.9,1015.4
2022-09-30,19.5,15.5,25.5,0.9,3.7,1016.6
2022-10-01,20.3,15.0,27.0,1.2,5.8,1016.8
2022-10-02,21.1,16.0,27.6,1.0,6.2,1015.6
2022-10-03,19.2,14.0,27.3,0.0,5.9,1014.7
2022-10-04,19.4,13.6,26.2,0.8,5.1,1015.4
2022-10-05,21.0,16.0,27.7,0.0,4.4,1016.2
2022-10-06,19.6,16.0,24.6,7.3,6.2,1016.4
2022-10-07,19.9,16.0,26.0,3.1,5.8,1015.5
2022-10-08,19.4,15.2,24.0,1.0,3.1,1016.0
2022-10-09,18.7,12.0,25.3,0.0,5.3,1016.7
2022-10-10,19.7,15.0,27.0,0.2,6.8,1017.6
2022-10-11,19.7,13.5,26.7,0.0,3.8,1017.1
2022-10-12,19.3,10.7,28.0,0.0,4.4,1016.4
2022-10-13,19.5,10.9,27.7,0.0,4.9,1015.8
2022-10-14,19.9,14.7,26.0,0.0,6.3,1015.2
2022-10-15,20.2,14.7,27.0,0.0,7.6,1014.6
2022-10-16,20.7,14.5,27.0,0.7,9.2,1015.7
2022-10-17,21.2,15.4,28.0,5.3,6.6,1017.0
2022-10-18,20.4,16.3,26.0,3.4,4.0,1017.4
2022-10-19,20.4,15.9,26.0,2.1,5.1,1016.4
2022-10-20,20.4,16.0,27.0,2.0,5.1,1015.7
2022-10-21,20.4,15.0,27.7,1.5,5.2,1016.3
2022-10-22,20.6,14.2,27.7,0.0,6.3,1017.0
2022-10-23,21.0,13.9,28.2,1.1,5.7,1018.0
2022-10-24,21.5,14.9,29.0,0.7,4.5,1016.1
2022-10-25,22.0,15.6,29.0,1.2,7.4,1015.1
2022-10-26,21.8,15.5,28.5,0.3,9.0,1015.0
2022-10-27,21.5,17.0,28.0,2.4,6.9,1015.8
2022-10-28,21.8,17.3,28.0,2.1,7.9,1015.0
2022-10-29,21.2,16.4,28.0,1.5,8.4,1014.2
2022-10-30,21.2,17.0,27.0,0.0,6.8,1014.4
2022-10-31,20.3,16.3,26.5,7.9,7.2,1015.8
2022-11-01,19.6,15.8,24.5,6.6,6.8,1016.7
2022-11-02,18.1,15.0,23.2,18.1,5.6,1016.9
2022-11-03,17.6,16.1,21.0,7.1,5.7,1016.0
2022-11-04,19.3,16.0,25.0,2.3,6.6,1015.5
2022-11-05,19.9,15.8,25.0,3.9,8.6,1015.9
2022-11-06,20.3,15.4,25.0,2.2,9.4,1016.6
2022-11-07,20.7,15.6,26.2,1.8,7.7,1016.9
2022-11-08,20.3,15.6,26.0,10.2,6.8,1016.5
2022-11-09,20.2,16.0,26.0,0.7,7.0,1015.0
2022-11-10,20.4,14.8,26.0,0.8,7.8,1014.9
2022-11-11,19.2,16.0,24.0,7.5,5.9,1016.3
2022-11-12,18.7,13.0,24.0,4.1,6.5,1016.4
2022-11-13,19.5,14.4,25.0,2.7,6.3,1016.2
2022-11-14,18.1,2.0,24.0,5.7,5.2,1016.3
2022-11-15,18.7,16.3,23.0,2.2,7.3,1015.7
2022-11-16,17.7,15.3,21.0,3.6,5.8,1015.0
2022-11-17,17.8,15.7,20.0,7.8,3.6,1015.7
2022-11-18,18.9,15.0,24.0,4.4,5.5,1014.7
2022-11-19,18.7,14.4,23.2,4.1,6.6,1015.4
2022-11-20,18.7,14.5,24.0,3.0,4.6,1015.3
2022-11-21,19.9,14.7,25.0,1.4,6.3,1014.3
2022-11-22,19.3,15.1,24.7,2.0,8.1,1015.0
2022-11-23,18.3,17.0,22.0,5.7,7.4,1016.3
2022-11-24,18.6,14.8,23.0,2.5,7.0,1016.1
2022-11-25,18.7,15.3,23.0,3.8,5.7,1015.9
2022-11-26,18.7,14.6,24.3,0.9,4.8,1014.9
2022-11-27,19.2,16.0,24.0,2.4,7.2,1013.4
2022-11-28,18.7,15.2,22.0,2.4,5.8,1012.8
2022-11-29,19.1,14.1,23.6,1.0,8.5,1012.7
2022-11-30,18.5,14.4,23.0,1.3,8.9,1013.4
2022-12-01,19.0,14.7,24.2,0.5,9.2,1014.0
2022-12-02,18.9,13.6,25.0,0.2,8.5,1013.7
2022-12-03,18.8,14.2,23.5,1.8,7.1,1013.7
2022-12-04,18.9,15.6,23.5,7.2,9.2,1014.8
2022-12-05,19.4,13.1,25.0,0.1,5.6,1015.2
2022-12-06,19.6,14.0,25.0,1.0,5.7,1014.8
2022-12-07,20.1,17.0,25.2,0.4,5.6,1014.5
2022-12-08,19.7,15.4,25.0,6.1,5.3,1015.4
2022-12-09,19.6,14.4,25.0,5.5,6.3,1015.6
2022-12-10,19.2,16.0,25.0,4.8,6.1,1014.9
2022-12-11,19.9,16.0,25.0,3.7,4.9,1015.0
2022-12-12,19.0,13.6,30.0,4.1,7.5,1014.5
2022-12-13,18.3,13.9,23.2,1.4,7.2,1014.9
2022-12-14,18.7,13.1,24.0,0.1,9.0,1014.7
2022-12-15,19.1,14.0,24.0,0.4,17.1,1013.7
2022-12-16,19.5,14.0,25.0,1.1,7.3,1013.0
2022-12-17,19.5,13.5,25.0,1.1,7.3,1012.8
2022-12-18,19.7,13.7,25.0,1.1,9.9,1012.9
2022-12-19,19.7,13.7,25.0,0.0,9.2,1012.2
2022-12-20,19.7,15.0,25.0,0.0,8.5,1011.5
2022-12-21,19.7,14.0,25.2,0.9,9.4,1012.7
2022-12-22,19.4,15.2,24.2,4.2,7.5,1013.3
2022-12-23,20.0,15.5,25.0,2.2,7.3,1014.0
2022-12-24,19.7,14.3,25.0,0.4,6.2,1014.4
2022-12-25,19.1,12.0,25.0,0.9,9.2,1015.2
2022-12-26,20.1,14.8,25.0,1.2,11.6,1015.4
2022-12-27,19.7,15.7,24.1,8.2,8.8,1016.6
2022-12-28,20.0,15.0,25.0,0.4,9.3,1016.0
2022-12-29,19.5,14.2,24.2,1.8,7.5,1015.6
2022-12-30,18.5,13.6,24.0,0.2,6.6,1017.0
2022-12-31,19.1,13.7,24.2,0.0,10.2,1016.7
2023-01-01,19.5,12.0,25.0,0.1,10.2,1016.3
2023-01-02,18.9,15.0,24.0,0.5,10.5,1016.4
2023-01-03,18.5,16.0,23.0,5.0,12.7,1017.4
2023-01-04,18.5,13.9,23.0,0.3,11.2,1016.3
2023-01-05,18.4,11.5,24.5,0.6,12.3,1015.7
2023-01-06,20.0,13.4,25.0,0.1,11.3,1015.2
2023-01-07,19.9,14.0,25.2,1.4,9.8,1015.1
2023-01-08,19.5,13.0,25.2,0.4,8.0,1014.7
2023-01-09,19.7,15.7,24.0,0.5,8.0,1016.2
2023-01-10,19.7,16.1,24.0,0.6,10.6,1016.8
2023-01-11,19.4,13.5,25.0,0.5,10.7,1015.4
2023-01-12,19.8,13.7,25.0,0.2,11.5,1013.8
2023-01-13,19.4,12.0,25.0,0.0,10.3,1014.2
2023-01-14,20.0,14.0,25.0,0.0,11.8,1014.4
2023-01-15,19.9,14.0,25.5,0.1,13.1,1013.7
2023-01-16,19.9,13.5,25.5,0.3,11.3,1014.2
2023-01-17,19.6,13.0,26.0,1.4,10.1,1014.5
2023-01-18,21.0,12.7,28.0,0.0,12.9,1013.5
2023-01-19,21.2,14.0,27.2,0.1,8.4,1013.2
2023-01-20,20.6,13.8,25.5,0.1,11.5,1013.0
2023-01-21,21.0,13.2,27.0,0.2,9.7,1012.3
2023-01-22,20.5,14.6,26.0,0.4,13.1,1012.6
2023-01-23,19.9,15.2,25.7,0.3,11.9,1013.3
2023-01-24,19.9,13.6,26.5,0.0,8.3,1013.7
2023-01-25,21.5,14.0,28.5,0.0,10.2,1012.2
2023-01-26,21.7,13.0,28.5,0.0,13.7,1011.5
2023-01-27,20.2,14.3,26.0,0.0,11.4,1012.9
2023-01-28,19.4,9.0,27.0,0.0,9.3,1012.7
2023-01-29,20.3,12.0,27.0,0.0,9.5,1012.8
2023-01-30,20.5,12.0,28.2,0.0,8.4,1013.6
2023-01-31,20.8,12.0,28.0,0.0,8.4,1014.2
2023-02-01,21.6,13.0,28.5,0.0,8.3,1014.2
2023-02-02,21.8,14.0,29.0,0.0,7.5,1013.9
2023-02-03,22.6,13.0,30.0,0.0,10.1,1014.0
2023-02-04,22.0,13.4,29.0,0.0,11.7,1012.8
2023-02-05,22.0,13.7,29.7,0.0,10.0,1012.4
2023-02-06,21.3,12.2,28.0,0.0,11.3,1012.1
2023-02-07,20.8,13.5,28.0,0.0,13.3,1012.5
2023-02-08,20.6,15.0,26.7,1.5,12.6,1013.1
2023-02-09,21.2,14.7,27.7,0.4,12.1,1013.6
2023-02-10,22.0,12.7,29.0,0.0,11.7,1013.6
2023-02-11,22.0,16.0,27.6,0.0,11.9,1014.4
2023-02-12,21.4,16.5,27.1,0.0,12.3,1014.4
2023-02-13,21.2,14.3,28.2,0.0,12.4,1014.3
2023-02-14,21.4,13.5,28.2,0.0,8.0,1013.4
2023-02-15,21.9,15.0,29.0,0.0,9.0,1011.3
2023-02-16,21.8,15.7,28.2,0.0,11.9,1011.9
2023-02-17,21.0,15.0,27.2,0.2,15.7,1013.3
2023-02-18,20.7,14.1,27.0,0.0,10.8,1013.6
2023-02-19,21.0,16.6,27.0,0.1,11.6,1014.1
2023-02-20,21.6,16.5,28.0,0.0,12.3,1014.0
2023-02-21,21.5,14.0,27.7,0.0,9.8,1014.5
2023-02-22,21.6,14.7,27.6,0.4,10.3,1013.7
2023-02-23,21.5,15.0,28.2,0.0,11.4,1013.0
2023-02-24,22.1,14.6,29.0,0.0,10.2,1013.3
2023-02-25,21.9,16.0,28.0,0.0,8.0,1014.2
2023-02-26,22.2,14.7,28.0,0.0,8.7,1014.5
2023-02-27,21.4,16.3,26.7,0.8,12.9,1015.6
2023-02-28,21.1,15.6,27.0,0.0,11.6,1015.5
2023-03-01,22.0,14.0,29.0,0.3,7.9,1014.7
2023-03-02,21.8,14.0,29.0,0.0,8.3,1014.2
2023-03-03,22.6,15.0,29.0,0.4,11.3,1014.4
2023-03-04,22.0,15.7,28.5,0.0,11.0,1015.1
2023-03-05,21.9,16.0,28.4,0.0,11.3,1015.7
2023-03-06,22.3,15.0,29.0,0.2,10.0,1014.1
2023-03-07,21.7,15.1,28.0,0.0,7.9,1012.5
2023-03-08,22.0,15.0,29.5,0.0,10.0,1012.3
2023-03-09,22.7,15.0,29.6,0.0,9.7,1012.1
2023-03-10,22.5,17.0,29.0,0.4,10.3,1011.5
2023-03-11,21.4,16.0,27.0,0.6,10.9,1011.6
2023-03-12,22.4,17.0,28.5,0.0,7.1,1012.1
2023-03-13,22.8,18.0,29.2,0.2,6.5,1012.0
2023-03-14,21.2,18.0,27.0,1.6,8.2,1011.8
2023-03-15,21.6,17.2,27.3,2.5,10.3,1012.0
2023-03-16,20.8,17.6,26.3,2.7,4.4,1012.5
2023-03-17,20.7,15.5,27.0,3.7,9.3,1013.1
2023-03-18,21.1,13.5,28.0,0.0,8.6,1013.3
2023-03-19,21.8,16.4,28.0,0.5,8.7,1013.7
2023-03-20,21.5,16.2,28.0,2.8,5.4,1013.7
2023-03-21,20.3,16.0,26.0,17.5,4.4,1013.7
2023-03-22,21.5,16.4,28.7,17.7,4.4,1012.8
2023-03-23,21.1,15.8,28.0,8.7,5.8,1013.8
2023-03-24,20.5,16.4,26.5,3.2,6.9,1013.2
2023-03-25,20.3,16.0,27.0,16.1,3.6,1013.8
2023-03-26,18.8,16.0,23.0,11.4,3.1,1014.4
2023-03-27,20.1,12.3,26.1,1.2,5.1,1013.4
2023-03-28,21.3,14.9,28.0,0.2,5.9,1013.9
2023-03-29,21.4,16.3,27.2,1.0,5.6,1014.8
2023-03-30,20.8,15.3,26.0,0.6,6.7,1014.2
2023-03-31,20.6,15.5,26.1,0.9,7.0,1013.9
2023-04-01,21.4,15.3,28.0,0.3,3.8,1014.3
2023-04-02,20.6,15.6,26.2,3.8,4.5,1013.7
2023-04-03,20.5,16.0,25.0,7.6,6.1,1013.2
2023-04-04,19.9,16.5,25.1,11.0,9.4,1014.2
2023-04-05,19.9,15.5,25.0,1.8,7.3,1014.0
2023-04-06,19.3,14.8,25.0,1.3,5.7,1013.9
2023-04-07,19.9,15.7,26.0,2.4,5.8,1014.1
2023-04-08,19.1,15.9,25.0,4.1,3.8,1015.4
2023-04-09,20.1,14.1,25.0,2.5,7.3,1014.9
2023-04-10,19.6,13.6,25.0,1.7,5.6,1014.2
2023-04-11,19.5,16.0,24.0,2.6,5.8,1014.4
2023-04-12,19.6,14.5,25.0,3.0,7.2,1014.3
2023-04-13,19.5,15.8,24.0,3.4,7.8,1015.7
2023-04-14,19.5,16.0,24.5,3.1,5.0,1015.8
2023-04-15,20.0,15.0,25.0,1.4,3.9,1014.5
2023-04-16,19.6,16.7,24.0,6.8,4.0,1014.3
2023-04-17,19.6,15.9,24.2,11.4,4.6,1013.7
2023-04-18,19.5,16.1,24.0,11.8,5.3,1015.5
2023-04-19,20.1,16.3,25.0,11.6,5.0,1014.8
2023-04-20,20.6,16.9,25.5,6.7,5.5,1012.2
2023-04-21,20.9,16.0,26.2,1.4,3.9,1010.2
2023-04-22,19.7,16.8,24.0,16.5,3.6,1012.1
2023-04-23,19.9,16.0,25.0,0.1,1.4,1012.9
2023-04-24,20.4,16.0,26.0,3.2,0.6,1013.7
2023-04-25,19.2,16.7,24.0,26.2,2.0,1014.8
2023-04-26,19.8,16.0,26.0,11.0,3.2,1014.4
2023-04-27,20.0,15.2,25.0,14.2,5.7,1013.5
2023-04-28,19.1,16.8,23.0,16.5,3.2,1015.2
2023-04-29,19.5,14.5,24.0,13.1,6.2,1014.3
2023-04-30,19.5,17.0,23.6,20.6,3.0,1014.8
2023-05-01,18.8,17.0,21.0,13.3,2.4,1015.3
2023-05-02,19.5,15.8,24.0,11.9,5.6,1015.8
2023-05-03,18.6,16.9,22.3,13.6,6.0,1017.6
2023-05-04,19.8,15.7,25.0,4.3,4.5,1017.8
2023-05-05,19.9,16.7,24.5,2.6,3.2,1017.2
2023-05-06,20.1,17.2,25.2,3.1,4.5,1016.8
2023-05-07,19.9,16.8,25.0,4.6,4.8,1016.7
2023-05-08,19.9,17.0,24.0,5.5,4.7,1016.1
2023-05-09,19.6,16.6,24.0,5.2,5.4,1016.1
2023-05-10,19.6,16.1,24.0,5.4,4.2,1016.3
2023-05-11,19.3,16.7,23.5,10.0,5.9,1017.6
2023-05-12,20.2,16.5,25.0,2.3,4.8,1016.9
2023-05-13,20.3,17.0,25.5,2.6,5.9,1018.1
2023-05-14,20.3,16.8,26.0,1.2,7.2,1017.8
2023-05-15,20.3,16.6,25.0,0.9,5.3,1017.4
2023-05-16,20.8,17.0,26.0,4.7,5.1,1017.2
2023-05-17,20.1,16.2,25.0,3.7,3.2,1017.2
2023-05-18,20.3,17.0,25.2,5.8,4.1,1017.1
2023-05-19,20.1,17.0,26.0,1.6,3.8,1017.1
2023-05-20,20.5,16.0,27.0,0.0,4.1,1015.6
2023-05-21,19.8,14.0,26.2,0.0,3.1,1015.4
2023-05-22,20.7,17.2,26.0,3.7,3.7,1016.4
2023-05-23,20.2,16.4,25.0,11.3,3.7,1017.1
2023-05-24,20.2,16.7,25.0,7.9,2.6,1017.0
2023-05-25,20.4,17.0,25.2,0.7,4.8,1016.7
2023-05-26,19.5,16.2,24.5,4.1,3.6,1017.7
2023-05-27,18.4,15.0,23.0,7.4,5.0,1018.2
2023-05-28,19.1,15.0,25.0,5.8,1.7,1018.0
2023-05-29,18.5,15.9,23.0,8.7,4.6,1018.4
2023-05-30,19.2,15.7,24.0,9.9,3.1,1018.4
2023-05-31,19.4,16.0,24.0,0.8,2.8,1018.0
2023-06-01,20.1,16.0,25.5,6.9,2.8,1017.5
2023-06-02,19.4,15.8,25.0,5.4,5.8,1018.1
2023-06-03,18.9,16.0,23.5,11.9,4.5,1018.5
2023-06-04,19.4,16.0,24.0,11.5,4.4,1018.1
2023-06-05,20.1,17.0,24.0,1.4,3.0,1017.8
2023-06-06,19.7,16.6,25.0,9.7,4.6,1018.4
2023-06-07,20.0,15.0,26.0,0.1,2.7,1017.4
2023-06-08,19.6,12.2,26.0,0.2,4.7,1017.4
2023-06-09,19.5,16.0,25.0,8.6,4.7,1018.0
2023-06-10,20.3,16.7,25.0,0.9,4.1,1016.8
2023-06-11,20.4,16.6,26.0,0.4,3.6,1017.0
2023-06-12,19.5,15.2,24.0,0.0,2.1,1016.1
2023-06-13,17.4,14.0,20.0,0.0,2.0,1016.5
2023-06-14,19.8,16.7,25.0,0.2,4.5,1016.7
2023-06-15,18.3,16.0,21.0,1.4,4.6,1017.7
2023-06-16,19.1,16.0,24.0,0.5,2.3,1016.7
2023-06-17,17.8,16.0,21.4,1.3,3.1,1017.7
2023-06-18,18.7,16.0,23.0,1.1,3.2,1017.8
2023-06-19,18.5,15.7,23.0,0.9,3.9,1016.9
2023-06-20,18.7,16.0,22.5,3.0,1.5,1016.5
2023-06-21,18.0,16.0,21.0,5.0,2.7,1016.7
2023-06-22,17.8,16.0,21.0,5.0,2.6,1016.9
2023-06-23,17.2,15.6,19.0,11.4,2.2,1017.3
2023-06-24,18.4,15.5,22.0,1.0,4.0,1017.2
2023-06-25,18.7,12.0,25.0,0.0,5.0,1016.0
2023-06-26,16.8,14.8,20.0,0.0,1.0,1016.7
2023-06-27,17.8,15.2,21.0,1.9,2.1,1017.1
2023-06-28,19.4,16.0,24.0,0.9,2.4,1017.8
2023-06-29,18.3,15.0,21.0,1.4,3.1,1018.9
2023-06-30,18.2,15.0,23.0,4.9,1.1,1019.1
2023-07-01,17.6,15.5,22.1,13.3,2.1,1019.8
2023-07-02,17.4,14.9,22.0,6.4,2.0,1020.7
2023-07-03,17.4,14.5,21.2,8.1,3.3,1021.2
2023-07-04,17.1,14.0,21.7,14.1,3.8,1020.8
2023-07-05,16.7,14.2,20.0,3.7,1.8,1018.8
2023-07-06,16.7,14.0,20.2,2.3,2.8,1018.9
2023-07-07,16.3,14.0,19.0,4.7,2.4,1020.3
2023-07-08,17.5,14.0,22.0,2.8,2.4,1020.1
2023-07-09,18.5,14.0,26.0,1.0,1.6,1018.7
2023-07-10,18.9,13.8,26.0,0.0,3.5,1017.6
2023-07-11,18.4,13.4,25.0,0.0,4.2,1017.6
2023-07-12,19.2,16.0,23.0,2.5,3.0,1018.5
2023-07-13,18.7,15.7,22.0,2.8,3.3,1018.9
2023-07-14,19.6,15.0,25.0,2.4,3.9,1019.0
2023-07-15,19.2,15.0,24.1,0.0,2.4,1019.3
2023-07-16,17.3,13.4,21.6,1.1,3.0,1019.6
2023-07-17,16.9,13.6,20.2,0.0,3.6,1020.0
2023-07-18,17.6,14.0,22.0,1.2,2.4,1019.9
2023-07-19,18.0,13.1,23.0,1.0,2.8,1018.3
2023-07-20,18.8,13.9,25.0,0.5,4.1,1018.0
2023-07-21,18.8,13.0,25.0,0.1,3.0,1019.4
2023-07-22,18.5,14.8,23.0,0.0,5.9,1021.0
2023-07-23,17.9,14.9,22.0,4.9,2.9,1020.5
2023-07-24,18.2,15.0,21.0,3.3,2.0,1018.4
2023-07-25,17.5,15.0,21.6,6.8,2.8,1018.0
2023-07-26,16.4,15.0,18.2,1.5,2.7,1018.8
2023-07-27,17.7,14.0,22.0,0.5,4.7,1019.5
2023-07-28,16.5,14.0,20.0,6.3,2.1,1020.2
2023-07-29,17.4,14.6,21.0,4.6,2.2,1019.2
2023-07-30,17.2,15.0,21.0,0.7,4.2,1017.9
2023-07-31,17.7,15.1,22.0,1.0,3.6,1017.9
2023-08-01,17.0,15.0,19.0,1.3,3.5,1019.3
2023-08-02,16.6,14.6,19.0,14.3,4.0,1021.4
2023-08-03,16.7,14.6,20.0,19.3,1.9,1022.2
2023-08-04,16.2,14.2,21.0,6.7,3.4,1021.6
2023-08-05,16.9,14.4,20.2,1.7,3.7,1022.0
2023-08-06,17.7,14.7,22.0,6.4,4.6,1022.2
2023-08-07,18.2,14.0,24.0,2.6,5.9,1020.0
2023-08-08,18.7,15.0,23.0,0.4,4.2,1018.5
2023-08-09,16.6,14.6,18.5,2.3,1.4,1018.9
2023-08-10,17.3,14.0,21.0,5.0,4.0,1019.4
2023-08-11,17.7,14.6,21.0,1.2,4.4,1018.5
2023-08-12,17.7,14.0,22.3,1.2,4.5,1018.1
2023-08-13,18.6,15.0,25.0,2.8,4.5,1017.7
2023-08-14,19.7,15.0,25.0,0.0,4.2,1017.8
2023-08-15,20.2,15.8,26.3,2.3,5.1,1018.4
2023-08-16,19.5,15.5,24.0,1.7,4.4,1017.7
2023-08-17,18.9,15.2,24.0,10.4,4.9,1017.3
2023-08-18,18.5,14.7,25.0,4.5,5.4,1017.8
2023-08-19,19.5,14.8,26.4,0.0,5.7,1016.8
2023-08-20,19.5,14.0,27.0,0.0,3.7,1016.0
2023-08-21,19.3,11.0,26.0,0.0,3.7,1015.7
2023-08-22,21.1,16.1,27.5,1.2,5.1,1015.8
2023-08-23,20.3,15.7,26.2,0.0,6.4,1015.8
2023-08-24,19.4,15.9,26.0,2.3,6.0,1015.9
2023-08-25,20.0,14.6,27.0,0.1,6.4,1015.8
2023-08-26,20.9,15.0,28.0,1.6,4.0,1016.3
2023-08-27,21.1,15.0,28.0,0.8,4.9,1017.2
2023-08-28,19.2,16.0,23.0,0.4,2.9,1019.6
2023-08-29,19.2,15.4,24.0,1.3,6.2,1018.8
2023-08-30,18.1,15.0,22.4,10.0,4.5,1018.8
2023-08-31,18.4,15.0,23.2,7.2,3.5,1018.6
2023-09-01,19.4,15.6,24.0,3.1,4.2,1018.2
2023-09-02,20.3,15.6,26.0,5.0,4.2,1017.6
2023-09-03,20.2,15.0,27.0,0.1,4.7,1016.7
2023-09-04,19.4,15.3,26.0,0.3,5.2,1016.0
2023-09-05,20.1,15.7,26.2,3.2,5.4,1015.7
2023-09-06,20.8,13.5,28.0,1.2,4.3,1016.0
2023-09-07,20.6,16.2,27.0,6.2,4.6,1015.9
2023-09-08,18.7,15.9,22.1,3.6,4.0,1016.5
2023-09-09,18.7,16.0,22.0,2.1,3.7,1017.1
2023-09-10,20.3,16.5,25.0,0.5,6.1,1016.4
2023-09-11,21.2,16.0,28.0,2.8,6.1,1016.3
2023-09-12,21.8,16.3,28.2,0.6,5.8,1015.9
2023-09-13,20.1,16.5,25.0,6.6,6.1,1016.5
2023-09-14,20.5,16.0,26.0,2.8,4.0,1016.3
2023-09-15,19.8,16.0,24.0,2.7,3.5,1016.7
2023-09-16,19.6,16.0,24.5,0.1,4.0,1016.1
2023-09-17,21.3,16.2,28.6,2.8,6.9,1015.0
2023-09-18,21.6,16.4,27.6,1.5,5.8,1014.8
2023-09-19,20.4,16.7,25.5,0.8,6.2,1015.7
2023-09-20,21.5,16.9,28.0,1.9,4.5,1015.7
2023-09-21,21.9,17.7,28.1,1.3,5.8,1015.3
2023-09-22,21.4,17.0,27.0,2.5,7.3,1015.7
2023-09-23,20.4,16.0,25.0,0.7,5.8,1016.1
2023-09-24,19.5,16.0,25.1,2.4,6.8,1016.9
2023-09-25,20.9,15.7,27.5,3.1,6.4,1016.0
2023-09-26,21.0,13.4,27.5,0.0,5.2,1015.3
2023-09-27,21.3,16.0,27.0,2.6,5.2,1015.4
2023-09-28,20.1,16.4,25.0,2.7,5.3,1016.7
2023-09-29,21.3,16.0,28.0,2.0,5.8,1016.9
2023-09-30,19.8,16.0,26.0,5.1,7.0,1017.3
2023-10-01,21.8,16.9,28.0,0.1,4.9,1016.7
2023-10-02,22.0,15.1,29.0,0.1,4.4,1016.5
2023-10-03,21.0,15.6,28.0,0.2,6.0,1017.1
2023-10-04,18.8,16.5,22.3,8.5,5.6,1019.0
2023-10-05,19.9,16.0,26.0,7.4,4.6,1017.9
2023-10-06,20.3,16.0,27.0,8.1,7.0,1016.4
2023-10-07,21.1,16.3,28.0,4.7,4.9,1015.5
2023-10-08,21.5,14.0,29.0,0.0,4.4,1015.4
2023-10-09,21.8,14.8,30.0,0.0,7.2,1015.7
2023-10-10,21.8,17.1,28.0,2.2,8.0,1015.4
2023-10-11,21.5,16.8,27.2,10.4,7.5,1015.6
2023-10-12,22.1,15.7,28.0,1.2,7.3,1015.6
2023-10-13,22.9,16.2,30.0,1.0,7.0,1015.4
2023-10-14,22.7,16.7,29.0,0.2,6.9,1014.4
2023-10-15,22.2,16.7,28.0,3.3,8.2,1014.6
2023-10-16,20.5,16.7,25.4,7.3,7.1,1015.0
2023-10-17,21.2,16.0,27.1,11.1,7.7,1015.5
2023-10-18,20.6,15.6,26.0,9.7,7.4,1016.5
2023-10-19,19.3,16.5,24.0,14.6,4.9,1017.5
2023-10-20,20.3,16.0,25.3,4.7,5.3,1016.7
2023-10-21,21.2,16.0,26.4,4.1,5.0,1016.5
2023-10-22,22.0,17.1,27.0,1.9,5.0,1015.6
2023-10-23,21.3,17.6,27.0,1.0,7.3,1014.5
2023-10-24,21.8,15.7,27.5,0.3,5.3,1013.3
2023-10-25,21.2,16.3,26.0,4.5,5.5,1014.8
2023-10-26,19.4,16.3,23.0,15.4,6.0,1016.0
2023-10-27,20.5,16.0,26.0,1.9,5.6,1015.1
2023-10-28,20.5,16.4,25.7,2.5,6.7,1014.7
2023-10-29,20.6,16.4,26.0,9.6,6.5,1014.5
2023-10-30,20.6,16.7,25.6,3.7,6.6,1014.5
2023-10-31,20.1,16.2,25.0,22.9,5.0,1014.3
2023-11-01,20.6,16.5,26.0,7.4,4.7,1014.2
2023-11-02,18.7,16.6,22.0,11.6,3.4,1014.9
2023-11-03,18.9,15.4,24.0,22.6,4.6,1015.2
2023-11-04,19.4,16.5,24.0,18.2,6.2,1015.2
2023-11-05,19.4,16.8,23.0,5.3,5.5,1015.1
2023-11-06,19.3,16.0,23.1,20.0,4.6,1016.0
2023-11-07,19.5,15.5,24.7,21.0,5.0,1016.1
2023-11-08,18.7,16.0,22.0,9.3,4.0,1015.7
2023-11-09,19.8,15.7,25.0,0.2,8.1,1014.6
2023-11-10,20.1,16.1,24.0,1.7,8.3,1015.2
2023-11-11,19.3,16.0,24.6,3.1,10.0,1016.1
2023-11-12,19.7,16.2,25.0,6.2,6.3,1016.1
2023-11-13,20.2,16.3,24.3,12.3,6.4,1016.5
2023-11-14,20.1,16.5,25.0,7.6,5.4,1015.8
2023-11-15,20.1,16.4,25.0,12.5,5.9,1015.6
2023-11-16,19.6,16.7,24.2,7.5,5.8,1016.0
2023-11-17,20.6,17.7,25.6,7.4,5.2,1015.9
2023-11-18,20.0,16.7,25.5,17.2,8.6,1016.1
2023-11-19,19.2,16.4,23.0,19.8,4.3,1015.7
2023-11-20,19.6,16.6,23.0,15.9,5.3,1015.3
2023-11-21,19.6,15.8,23.0,12.5,6.5,1015.0
2023-11-22,19.8,16.0,24.1,5.1,9.0,1015.2
2023-11-23,19.7,16.4,24.0,1.1,8.0,1014.7
2023-11-24,18.4,16.3,22.0,13.9,3.4,1014.4
2023-11-25,19.5,14.0,25.3,2.5,4.8,1013.8
2023-11-26,19.5,14.9,24.0,11.3,6.0,1015.3
2023-11-27,19.9,15.5,25.0,0.6,6.7,1015.1
2023-11-28,18.9,15.7,23.1,0.3,8.4,1013.8
2023-11-29,19.8,13.7,25.0,0.5,10.9,1013.7
2023-11-30,19.8,15.0,25.0,0.0,6.6,1014.8
2023-12-01,19.3,13.2,25.6,0.0,4.6,1014.8
2023-12-02,19.5,13.7,25.0,0.5,7.4,1014.3
2023-12-03,19.7,16.0,24.7,0.4,9.5,1014.5
2023-12-04,19.6,15.7,25.0,0.8,9.0,1015.0
2023-12-05,19.9,16.0,25.0,0.0,8.8,1015.2
2023-12-06,20.1,15.5,25.0,0.0,6.8,1015.6
2023-12-07,19.8,14.0,26.0,0.6,6.9,1015.2
2023-12-08,19.8,13.0,26.0,0.5,7.9,1014.9
2023-12-09,19.8,14.0,25.1,0.0,5.7,1014.2
2023-12-10,19.9,15.2,25.3,3.8,7.9,1014.6
2023-12-11,19.7,14.0,25.0,0.2,9.2,1015.2
2023-12-12,20.6,13.9,25.0,0.3,5.7,1014.8
2023-12-13,21.4,16.5,26.0,5.0,5.2,1014.2
2023-12-14,20.4,16.2,25.5,9.1,6.8,1014.7
2023-12-15,20.3,16.9,25.0,2.8,8.6,1015.5
2023-12-16,19.9,16.6,24.0,2.1,9.6,1014.9
2023-12-17,20.1,14.9,25.0,1.7,10.8,1014.3
2023-12-18,20.0,14.5,25.1,0.0,7.8,1013.8
2023-12-19,20.2,15.0,26.3,0.2,6.1,1014.0
2023-12-20,19.8,14.6,25.0,0.2,7.3,1014.6
2023-12-21,20.3,15.0,26.0,1.3,9.8,1015.2
2023-12-22,20.3,14.7,25.6,1.0,10.4,1016.4
2023-12-23,20.7,16.1,26.0,0.7,10.3,1017.0
2023-12-24,20.9,15.2,26.5,1.2,6.8,1016.4
2023-12-25,20.9,14.9,26.0,1.3,5.7,1015.0
2023-12-26,20.2,16.6,24.2,2.2,9.1,1014.8
2023-12-27,19.9,14.6,25.2,0.6,9.8,1015.4
2023-12-28,20.4,13.7,26.0,0.5,8.8,1015.4
2023-12-29,20.8,15.7,26.0,1.6,7.0,1015.2
2023-12-30,20.9,16.0,27.0,2.1,7.7,1014.7
2023-12-31,21.2,17.0,26.0,0.8,4.3,1014.8
2024-01-01,21.1,16.0,26.7,1.4,7.6,1015.3
2024-01-02,21.0,15.6,26.0,1.1,9.2,1015.0
2024-01-03,21.6,16.6,26.0,0.5,9.7,1014.3
2024-01-04,21.1,16.3,26.0,0.9,7.8,1015.1
2024-01-05,20.4,15.0,26.0,6.3,5.5,1015.9
2024-01-06,20.4,16.0,26.0,6.2,5.8,1015.7
2024-01-07,21.3,16.2,26.5,2.2,8.2,1015.1
2024-01-08,20.7,16.0,26.0,0.4,8.9,1014.4
2024-01-09,20.7,16.0,26.0,0.4,9.6,1014.1
2024-01-10,20.5,15.0,25.0,0.0,8.7,1014.1
2024-01-11,21.2,16.5,26.2,5.6,6.1,1013.8
2024-01-12,21.0,16.2,26.0,6.0,8.3,1013.5
2024-01-13,19.6,16.1,23.0,38.7,3.8,1014.4
2024-01-14,21.2,17.2,26.2,0.6,7.0,1014.1
2024-01-15,21.1,14.7,26.6,1.9,8.9,1015.2
2024-01-16,20.8,16.5,25.1,1.2,8.0,1015.4
2024-01-17,20.8,15.9,25.0,1.2,6.3,1014.8
2024-01-18,20.3,16.0,25.6,5.7,4.7,1015.3
2024-01-19,21.1,16.0,28.0,7.7,5.8,1013.6
2024-01-20,20.7,15.3,25.0,1.0,4.6,1013.8
2024-01-21,21.1,17.7,25.6,1.0,10.2,1014.6
2024-01-22,20.9,16.0,26.0,1.4,8.0,1015.9
2024-01-23,20.4,12.5,27.2,0.1,8.6,1016.3
2024-01-24,20.7,12.0,27.7,0.2,8.3,1016.0
2024-01-25,21.0,14.3,27.0,1.2,7.3,1015.7
2024-01-26,20.8,16.1,27.0,1.8,8.2,1016.3
2024-01-27,21.1,15.1,26.6,1.0,7.9,1016.2
2024-01-28,20.6,14.1,26.6,2.2,10.2,1015.7
2024-01-29,21.3,15.0,27.4,0.6,12.1,1015.5
2024-01-30,21.5,16.0,27.2,1.3,8.1,1015.8
2024-01-31,20.8,15.9,26.5,1.1,10.5,1016.3
2024-02-01,20.4,14.2,26.7,0.4,7.7,1017.0
2024-02-02,21.1,13.0,28.0,0.3,7.2,1015.7
2024-02-03,22.4,16.0,28.9,0.2,8.6,1014.7
2024-02-04,22.2,17.1,27.0,0.8,8.9,1016.2
2024-02-05,22.3,17.0,27.5,0.0,6.7,1016.4
2024-02-06,21.6,15.3,28.0,0.0,8.8,1016.8
2024-02-07,21.7,16.3,28.0,0.5,10.9,1016.8
2024-02-08,21.4,16.5,27.0,1.2,9.3,1016.6
2024-02-09,21.5,13.6,28.0,1.3,9.5,1015.0
2024-02-10,22.0,17.1,27.5,0.4,8.7,1015.5
2024-02-11,21.4,17.2,26.2,1.3,8.9,1016.2
2024-02-12,21.2,15.1,28.0,1.9,9.7,1015.5
2024-02-13,21.6,16.0,28.0,0.8,8.0,1015.0
2024-02-14,21.8,16.0,28.0,0.0,12.6,1014.1
2024-02-15,21.9,15.1,29.1,0.1,11.6,1014.4
2024-02-16,21.4,14.8,28.0,1.6,10.3,1015.6
2024-02-17,21.4,14.8,28.5,0.2,11.3,1014.7
2024-02-18,22.3,14.7,30.0,0.1,9.2,1013.4
2024-02-19,23.3,16.0,30.0,0.2,9.0,1013.3
2024-02-20,23.0,17.7,29.0,0.2,8.3,1013.8
2024-02-21,22.4,17.0,29.0,0.3,12.0,1013.0
2024-02-22,21.8,16.5,27.5,0.0,13.6,1012.8
2024-02-23,21.5,16.6,26.7,0.0,13.7,1013.9
2024-02-24,20.5,16.2,26.0,2.0,9.0,1015.6
2024-02-25,21.8,15.0,29.2,1.6,7.6,1013.7
2024-02-26,22.0,15.5,28.0,0.1,5.7,1012.2
2024-02-27,21.4,17.4,29.0,5.5,5.8,1012.6
2024-02-28,21.3,16.3,27.0,7.5,5.1,1014.1
2024-02-29,22.0,16.0,28.3,2.4,5.7,1012.8
2024-03-01,22.2,15.9,28.0,0.3,6.2,1013.9
2024-03-02,22.4,16.7,28.0,0.0,9.6,1014.2
2024-03-03,22.9,16.8,29.5,0.0,8.9,1013.6
2024-03-04,22.9,15.8,29.0,3.2,9.0,1013.1
2024-03-05,21.9,17.5,27.0,2.4,10.2,1015.4
2024-03-06,22.0,18.0,28.0,2.6,7.9,1016.9
2024-03-07,22.7,17.7,29.0,0.0,5.3,1015.8
2024-03-08,22.7,16.7,29.7,0.0,6.5,1015.7
2024-03-09,22.3,15.5,28.0,0.7,7.2,1015.2
2024-03-10,22.4,14.6,28.1,0.0,9.4,1015.6
2024-03-11,22.6,18.0,28.0,0.2,8.2,1016.8
2024-03-12,21.8,14.2,29.2,0.0,6.9,1017.2
2024-03-13,22.8,16.2,30.0,0.0,10.2,1016.7
2024-03-14,22.6,18.0,28.3,0.4,8.9,1016.5
2024-03-15,22.2,17.2,28.2,0.6,10.4,1016.3
2024-03-16,22.1,15.6,29.1,0.0,7.6,1015.6
2024-03-17,23.4,15.5,31.0,0.0,10.8,1013.9
2024-03-18,23.6,17.7,30.0,0.3,7.9,1013.8
2024-03-19,23.4,15.5,30.0,0.5,8.4,1013.3
2024-03-20,23.1,18.3,30.0,0.8,7.2,1013.4
2024-03-21,23.3,18.0,30.0,0.5,7.4,1013.2
2024-03-22,23.2,17.0,30.0,0.0,8.7,1011.3
2024-03-23,22.9,17.1,29.0,8.6,8.8,1011.2
2024-03-24,22.7,16.9,28.2,4.5,6.6,1013.4
2024-03-25,22.4,17.1,29.6,2.8,5.9,1015.0
2024-03-26,22.2,16.9,28.0,1.6,9.7,1015.1
2024-03-27,21.5,17.7,25.2,3.3,9.8,1016.3
2024-03-28,21.4,17.6,26.0,1.0,10.5,1015.8
2024-03-29,21.9,16.6,27.0,1.5,11.0,1014.8
2024-03-30,20.5,15.7,26.0,4.8,9.4,1015.1
2024-03-31,21.0,16.6,26.0,1.5,10.2,1016.0
2024-04-01,21.1,16.8,27.0,3.9,7.9,1015.4
2024-04-02,21.1,16.4,26.4,14.1,7.0,1014.5
2024-04-03,21.2,16.6,27.0,6.2,4.9,1014.0
2024-04-04,20.3,17.0,26.0,7.3,5.2,1014.6
2024-04-05,21.0,16.5,26.2,7.2,5.7,1014.9
2024-04-06,20.2,16.5,25.0,15.1,6.4,1014.9
2024-04-07,21.4,16.0,27.0,3.0,7.2,1013.9
2024-04-08,21.1,17.0,27.0,8.9,5.4,1013.8
2024-04-09,20.8,17.2,28.0,9.0,7.0,1013.8
2024-04-10,21.6,16.5,27.0,5.1,7.3,1013.4
2024-04-11,21.9,14.9,28.0,3.3,7.6,1014.2
2024-04-12,21.7,17.8,26.5,2.6,7.0,1013.9
2024-04-13,21.4,17.0,27.0,22.3,6.0,1014.3
2024-04-14,21.0,16.3,26.0,9.6,6.0,1014.8
2024-04-15,20.2,17.5,26.0,15.4,6.0,1016.0
2024-04-16,21.1,15.7,26.5,0.3,5.5,1014.9
2024-04-17,21.8,17.9,27.0,6.9,6.5,1014.6
2024-04-18,21.7,17.6,27.0,12.4,7.1,1015.4
2024-04-19,21.7,17.1,27.0,8.6,8.5,1014.5
2024-04-20,20.4,17.2,26.0,6.1,6.0,1013.0
2024-04-21,20.5,17.6,25.6,10.9,5.6,1013.9
2024-04-22,20.8,16.4,26.4,4.6,5.6,1014.0
2024-04-23,20.8,18.1,26.0,4.8,5.3,1013.8
2024-04-24,20.9,17.8,26.2,11.2,3.3,1013.4
2024-04-25,20.2,16.3,26.0,35.5,6.4,1013.3
2024-04-26,19.8,17.4,24.9,33.8,5.4,1014.2
2024-04-27,20.6,16.7,26.0,3.2,5.0,1012.9
2024-04-28,19.7,17.2,24.2,18.2,4.3,1014.5
2024-04-29,20.0,16.8,24.2,7.6,4.7,1014.2
2024-04-30,20.7,17.3,26.3,12.9,5.4,1012.9
2024-05-01,20.9,17.1,26.0,27.3,7.6,1012.1
2024-05-02,21.1,17.5,27.0,10.5,3.4,1012.6
2024-05-03,20.7,16.9,26.1,9.5,5.8,1013.5
2024-05-04,20.4,17.9,25.0,15.7,4.9,1015.2
2024-05-05,20.5,16.7,25.1,12.8,3.8,1015.1
2024-05-06,20.1,17.3,25.0,9.5,2.9,1015.7
2024-05-07,19.6,17.2,23.0,30.8,4.0,1016.7
2024-05-08,19.9,17.0,24.0,12.7,4.9,1016.0
2024-05-09,20.0,16.5,24.0,2.6,5.1,1015.4
2024-05-10,20.0,17.1,24.0,25.2,3.7,1015.9
2024-05-11,20.8,16.0,26.1,0.8,5.4,1016.5
2024-05-12,20.9,16.6,26.1,0.1,5.2,1015.5
2024-05-13,20.9,16.8,25.5,0.1,4.0,1015.1
2024-05-14,20.6,16.0,26.2,0.0,5.8,1015.0
2024-05-15,20.5,17.8,25.0,0.0,4.7,1015.9
2024-05-16,20.5,16.8,25.0,0.1,6.2,1016.6
2024-05-17,20.5,16.6,25.0,1.0,6.1,1015.7
2024-05-18,21.7,17.9,26.7,0.1,5.9,1014.7
2024-05-19,21.2,17.0,27.0,5.7,5.5,1014.3
2024-05-20,20.9,16.1,26.7,3.7,4.8,1015.0
2024-05-21,20.5,16.5,26.7,1.9,6.4,1016.0
2024-05-22,20.8,15.5,25.0,1.7,6.6,1016.7
2024-05-23,19.8,16.8,23.0,8.2,4.2,1016.9
2024-05-24,20.3,16.0,25.0,1.5,5.4,1016.5
2024-05-25,19.8,15.3,24.0,3.0,5.1,1016.4
2024-05-26,19.9,16.8,24.0,2.5,5.6,1016.9
2024-05-27,19.8,16.7,25.0,1.0,5.1,1017.6
2024-05-28,19.7,17.0,24.0,0.3,4.8,1018.5
2024-05-29,19.6,16.6,25.0,0.0,5.4,1017.3
2024-05-30,19.1,13.5,24.0,0.0,5.1,1016.5
2024-05-31,19.9,14.9,25.0,0.0,4.6,1016.8
2024-06-01,20.4,15.9,25.5,0.3,4.1,1017.3
2024-06-02,20.4,17.0,24.0,0.0,4.4,1016.5
2024-06-03,19.8,16.4,23.0,0.0,3.7,1016.1
2024-06-04,19.6,16.6,23.0,0.5,3.6,1016.2
2024-06-05,19.8,17.0,24.0,1.2,4.9,1016.2
2024-06-06,19.6,16.2,24.0,2.6,4.6,1017.5
2024-06-07,19.8,16.7,24.0,0.0,4.6,1017.8
2024-06-08,18.8,16.0,22.0,0.0,5.2,1017.8
2024-06-09,18.1,16.0,21.5,3.3,4.5,1018.7
2024-06-10,19.1,16.0,23.1,0.2,6.1,1018.6
2024-06-11,19.0,15.7,23.2,0.4,4.9,1018.8
2024-06-12,19.2,14.7,24.0,0.0,4.9,1018.4
2024-06-13,18.8,13.0,25.0,0.0,5.0,1018.0
2024-06-14,18.4,12.0,24.0,0.0,3.8,1017.2
2024-06-15,17.5,12.0,22.5,0.0,4.9,1016.0
2024-06-16,19.5,12.7,25.0,0.0,4.0,1015.7
2024-06-17,19.8,14.9,25.2,0.0,4.3,1016.9
2024-06-18,19.3,14.0,25.0,0.0,4.1,1017.2
2024-06-19,20.5,16.5,26.0,6.2,6.5,1017.4
2024-06-20,18.5,16.5,21.0,16.9,4.7,1019.5
2024-06-21,18.3,14.8,23.0,5.7,6.0,1019.5
2024-06-22,18.5,14.3,24.0,2.7,7.1,1018.5
2024-06-23,18.3,12.0,24.0,0.0,3.2,1018.0
2024-06-24,17.2,14.4,22.0,0.5,4.2,1018.4
2024-06-25,17.4,11.2,24.0,0.0,4.9,1017.2
2024-06-26,18.7,13.1,23.5,0.0,5.0,1017.2
2024-06-27,17.5,15.7,21.0,1.7,6.2,1018.6
2024-06-28,17.8,11.7,23.0,0.2,4.2,1018.2
2024-06-29,17.5,14.3,23.0,1.0,2.7,1017.5
2024-06-30,17.9,14.0,23.0,0.8,3.5,1018.2
2024-07-01,19.0,13.7,25.0,0.3,4.7,1018.5
2024-07-02,18.6,11.5,25.0,0.0,4.0,1017.6
2024-07-03,20.1,13.8,25.0,0.0,4.8,1017.1
2024-07-04,19.8,15.2,25.0,0.4,4.8,1017.3
2024-07-05,19.4,14.9,24.0,0.0,3.1,1016.4
2024-07-06,18.4,15.8,22.0,1.4,3.6,1016.0
2024-07-07,18.4,15.7,22.6,10.6,3.8,1015.7
2024-07-08,18.8,15.4,25.0,11.3,4.3,1015.1
2024-07-09,18.9,14.4,23.0,2.1,4.5,1016.0
2024-07-10,18.1,15.7,22.0,0.1,4.4,1017.4
2024-07-11,17.3,12.4,23.0,0.6,6.0,1018.3
2024-07-12,18.6,10.5,26.0,0.3,4.9,1018.1
2024-07-13,18.2,15.0,21.5,1.9,5.0,1018.9
2024-07-14,17.6,15.0,20.2,0.5,4.3,1018.2
2024-07-15,19.3,14.9,23.0,0.0,3.9,1017.7
2024-07-16,17.1,15.0,19.1,9.5,1.4,1017.9
2024-07-17,16.0,14.8,19.6,2.5,1.6,1018.6
2024-07-18,15.6,14.0,17.2,6.6,2.9,1019.0
2024-07-19,17.3,15.0,21.1,5.2,4.5,1017.9
2024-07-20,18.0,15.0,21.3,1.4,4.3,1017.5
2024-07-21,19.1,15.1,23.3,0.0,6.2,1017.5
2024-07-22,18.2,15.6,23.0,1.5,2.6,1018.9
2024-07-23,18.0,13.3,24.0,0.0,4.2,1020.8
2024-07-24,17.2,13.0,21.0,0.0,3.2,1019.7
2024-07-25,18.0,16.0,21.0,1.1,2.7,1017.2
2024-07-26,18.2,15.5,21.0,2.6,2.9,1016.7
2024-07-27,17.6,15.0,19.2,1.1,3.8,1017.9
2024-07-28,17.2,14.7,19.4,0.0,3.3,1017.2
2024-07-29,19.1,15.2,23.8,0.2,4.4,1015.9
2024-07-30,17.9,14.6,23.1,1.4,5.5,1016.0
2024-07-31,16.8,14.2,21.0,0.2,4.3,1018.2
2024-08-01,18.4,14.0,23.1,0.3,3.4,1019.1
2024-08-02,17.7,14.5,21.2,1.7,3.8,1019.4
2024-08-03,17.2,15.0,20.0,0.3,2.8,1018.5
2024-08-04,17.6,13.7,24.0,3.8,3.3,1017.8
2024-08-05,17.7,11.5,24.0,0.0,2.4,1016.6
2024-08-06,18.3,11.9,24.0,0.3,4.0,1016.2
2024-08-07,18.7,14.3,23.0,0.0,5.3,1016.6
2024-08-08,17.4,15.6,20.0,5.4,4.7,1017.2
2024-08-09,17.1,15.0,20.2,6.6,2.9,1018.1
2024-08-10,17.6,14.7,21.0,1.3,4.2,1018.5
2024-08-11,17.0,14.6,21.4,5.5,3.2,1017.3
2024-08-12,17.6,15.0,21.0,5.3,8.9,1016.6
2024-08-13,18.3,15.0,21.5,0.3,3.6,1017.1
2024-08-14,18.6,15.4,23.0,0.0,2.4,1017.1
2024-08-15,18.0,14.9,22.0,2.1,3.9,1017.4
2024-08-16,18.2,15.5,24.0,6.0,4.1,1017.4
2024-08-17,18.4,13.0,23.5,0.0,5.0,1016.9
2024-08-18,17.3,14.1,21.2,2.1,6.2,1018.4
2024-08-19,17.0,12.5,23.0,0.0,4.9,1018.0
2024-08-20,17.4,12.3,21.0,0.7,6.2,1017.8
2024-08-21,16.5,14.0,18.9,2.5,4.6,1017.1
2024-08-22,16.8,14.0,21.0,4.7,5.1,1017.2
2024-08-23,17.1,15.0,20.0,4.6,2.4,1017.8
2024-08-24,17.3,15.0,20.5,5.1,4.3,1018.4
2024-08-25,17.2,14.0,21.1,5.8,4.8,1019.2
2024-08-26,18.8,15.0,23.0,0.0,7.4,1018.5
2024-08-27,19.2,15.0,23.0,0.0,8.7,1018.3
2024-09-01,18.6,15.0,23.0,0.0,3.4,1018.3
2024-09-04,17.8,15.0,23.0,0.0,4.6,1018.4
2024-09-05,19.0,15.0,24.0,0.8,5.0,1017.7
2024-09-06,18.1,14.8,23.0,10.1,7.3,1018.7
2024-09-07,19.7,15.7,25.0,0.9,5.6,1018.8
2024-09-08,20.2,15.1,27.0,2.5,8.3,1018.6
2024-09-09,20.3,12.1,28.0,0.0,7.0,1017.1
2024-09-10,20.9,16.0,27.6,0.0,5.5,1016.9
2024-09-11,20.6,16.0,28.0,0.0,3.8,1016.4
2024-09-12,19.8,15.2,27.0,0.1,4.9,1017.1
2024-09-13,20.1,14.3,27.0,0.0,6.3,1017.5
2024-09-14,19.5,13.6,27.0,0.0,5.5,1017.6
2024-09-15,20.1,13.2,27.3,0.0,6.6,1016.9
2024-09-16,18.6,14.3,24.0,0.2,3.8,1017.7
2024-09-17,20.5,16.0,27.0,0.0,5.1,1017.9
2024-09-18,20.2,16.0,25.2,1.8,6.9,1016.5
2024-09-19,20.9,13.8,27.5,0.5,8.3,1013.9
2024-09-20,21.8,15.8,29.3,0.1,6.7,1014.6
2024-09-21,21.2,16.0,28.0,1.5,8.7,1015.7
2024-09-22,20.8,16.4,27.0,2.6,6.5,1016.0
2024-09-23,19.9,15.2,25.0,0.5,6.4,1017.1
2024-09-24,20.4,14.9,25.7,0.0,6.9,1016.8
2024-09-25,20.1,16.3,25.2,1.7,5.7,1017.0
2024-09-26,20.4,11.8,27.6,0.0,6.0,1015.7
2024-09-27,21.2,16.0,27.3,0.5,6.2,1014.8
2024-09-28,20.5,15.8,29.0,1.6,7.9,1013.7
2024-09-29,19.8,14.6,28.1,3.8,7.8,1014.0
2024-09-30,21.3,13.7,28.2,2.9,9.5,1014.2
2024-10-01,22.3,15.8,30.0,1.9,6.8,1013.5
2024-10-02,21.0,15.9,27.3,3.1,7.6,1014.8
2024-10-03,20.6,16.1,26.0,3.4,5.7,1016.8
2024-10-04,21.8,13.8,28.0,0.3,5.4,1016.4
2024-10-05,20.2,15.9,26.0,14.0,4.8,1017.2
2024-10-06,20.3,15.5,25.5,14.1,6.1,1016.5
2024-10-07,19.9,16.0,23.0,5.7,4.9,1017.0
2024-10-08,21.4,17.0,28.0,1.9,6.6,1017.2
2024-10-09,21.5,16.3,28.0,0.6,6.4,1017.7
2024-10-10,21.0,16.0,27.0,0.3,6.5,1017.3
2024-10-11,21.1,15.2,29.0,2.3,7.0,1017.2
2024-10-12,20.8,15.8,28.0,3.5,9.8,1017.8
2024-10-13,19.9,15.3,26.0,8.3,7.3,1017.7
2024-10-14,21.4,16.0,28.2,0.0,6.4,1016.0
2024-10-15,21.7,15.7,28.0,0.3,6.0,1015.6
2024-10-16,22.4,17.0,28.0,0.0,6.8,1015.0
2024-10-17,23.0,16.1,29.1,0.3,5.7,1015.1
2024-10-18,21.0,14.9,27.0,5.8,5.5,1014.8
2024-10-19,19.6,14.8,24.8,12.7,6.2,1015.2
2024-10-20,20.7,16.4,27.0,8.4,5.8,1015.9
2024-10-21,21.7,17.7,28.0,0.9,5.0,1015.7
2024-10-22,21.9,16.7,28.7,1.3,6.0,1015.8
2024-10-23,21.6,17.0,28.0,3.7,5.8,1016.0
2024-10-24,21.4,16.6,29.0,1.0,7.2,1015.4
2024-10-25,21.6,17.2,29.3,1.9,8.4,1014.5
2024-10-26,21.7,15.0,28.0,0.1,6.0,1014.2
2024-10-27,22.0,15.5,30.0,1.0,7.9,1014.4
2024-10-28,21.6,16.6,26.9,0.2,10.0,1013.8
2024-10-29,22.2,16.3,29.6,0.0,11.4,1013.5
2024-10-30,22.0,14.3,29.0,0.0,9.0,1013.2
2024-10-31,21.6,13.9,28.4,0.0,8.5,1013.2
2024-11-01,20.5,16.0,25.4,1.2,10.7,1015.2
2024-11-02,20.7,16.5,26.3,2.5,11.0,1015.7
2024-11-03,22.1,16.7,29.0,7.2,8.6,1015.8
2024-11-04,22.0,16.0,29.0,0.8,8.0,1014.5
2024-11-05,20.8,16.1,27.0,1.9,9.8,1014.1
2024-11-06,19.5,15.2,24.0,2.4,8.8,1015.0
2024-11-07,19.2,16.0,23.8,4.8,7.0,1016.5
2024-11-08,19.9,16.0,25.0,2.5,6.7,1016.1
2024-11-09,20.2,15.4,26.0,1.0,7.5,1014.8
2024-11-10,19.7,16.0,25.0,9.8,6.6,1015.2
2024-11-11,18.1,14.0,22.0,14.1,6.4,1016.5
2024-11-12,20.1,13.5,26.2,0.4,6.2,1015.1
2024-11-13,19.5,15.5,24.0,8.7,4.7,1014.7
2024-11-14,19.3,15.6,25.0,6.5,6.1,1013.6
2024-11-15,18.7,16.0,23.0,12.5,5.7,1014.4
2024-11-16,18.6,14.6,23.0,1.3,6.1,1014.5
2024-11-17,19.9,14.3,25.0,4.2,6.9,1014.0
2024-11-18,20.0,13.2,26.0,0.8,8.0,1014.3
2024-11-19,20.3,14.9,26.0,6.9,8.8,1015.1
2024-11-20,19.5,14.1,25.0,1.6,8.7,1014.7
2024-11-21,18.7,16.0,22.7,12.0,6.5,1014.9
2024-11-22,19.6,14.1,25.0,4.6,7.8,1014.3
2024-11-23,20.2,15.5,25.0,2.0,7.6,1015.0
2024-11-24,19.6,14.6,25.0,13.5,6.8,1015.5
2024-11-25,19.1,16.0,24.0,13.1,4.5,1015.1
2024-11-26,20.2,15.0,25.0,1.7,5.6,1014.5
2024-11-27,19.5,16.6,24.0,9.7,4.2,1015.3
2024-11-28,20.0,14.8,25.0,1.8,7.0,1015.4
2024-11-29,20.6,15.5,26.0,2.0,9.9,1016.1
2024-11-30,19.7,14.2,25.5,3.6,8.9,1015.5
2024-12-01,19.4,14.5,25.0,0.2,15.2,1014.5
2024-12-02,20.2,15.7,25.7,0.3,12.9,1013.9
2024-12-03,20.3,16.0,26.0,0.1,11.5,1013.8
2024-12-04,19.9,14.6,25.0,0.3,11.5,1014.0
2024-12-05,19.6,13.6,25.0,0.5,11.0,1014.3
2024-12-06,20.0,15.0,25.6,0.5,10.2,1014.4
2024-12-07,20.0,13.6,26.1,0.0,12.3,1015.0
2024-12-08,19.8,13.0,26.1,0.5,12.6,1015.8
2024-12-09,19.7,13.7,25.0,2.7,10.6,1015.4
2024-12-14,21.1,13.7,27.0,0.0,10.5,1013.8
2024-12-15,21.2,17.5,26.0,0.7,16.5,1014.7
2024-12-16,19.7,14.0,25.0,1.3,14.0,1015.6
2024-12-17,19.7,14.0,25.5,2.7,11.1,1015.7
2024-12-18,20.4,14.6,26.0,0.4,10.2,1015.6
2024-12-19,20.6,15.6,26.0,22.6,7.6,1016.2
2024-12-20,19.9,15.7,25.0,3.3,6.5,1016.0
2024-12-21,19.6,15.9,24.0,5.7,5.4,1016.9
2024-12-22,20.4,17.0,25.0,0.6,4.7,1015.5
2024-12-23,20.3,16.4,25.0,0.6,12.3,1014.8
2024-12-24,19.9,15.3,25.0,4.5,7.4,1015.0
2024-12-25,19.7,15.9,24.2,3.3,7.1,1016.1
2024-12-26,19.6,14.0,24.6,0.8,9.3,1016.1
2024-12-27,19.2,13.5,24.4,0.4,10.0,1016.3
2024-12-28,19.4,13.6,25.2,0.4,9.0,1016.1
2024-12-29,20.4,13.8,26.1,0.3,14.8,1015.5
2024-12-30,20.0,12.7,25.7,0.3,11.2,1015.1
2024-12-31,19.8,13.2,25.0,0.7,16.0,1015.2
2025-01-01,20.1,15.0,25.0,0.3,12.6,1014.1
2025-01-02,19.5,13.5,25.0,0.2,13.0,1014.7
2025-01-03,19.6,14.0,25.0,0.5,12.5,1015.2
2025-01-04,20.6,16.1,25.0,1.0,15.5,1015.4
2025-01-05,19.6,15.2,24.0,1.6,15.5,1015.0
2025-01-06,18.7,12.5,24.1,0.0,10.0,1015.2
2025-01-07,18.9,12.6,25.2,0.0,8.7,1015.2
2025-01-08,20.3,13.0,27.0,0.0,7.6,1014.2
2025-01-09,20.6,14.0,27.0,0.8,8.9,1013.8
2025-01-10,20.2,16.0,26.0,0.8,7.9,1015.2
2025-01-11,20.1,14.0,26.0,0.0,10.0,1015.2
2025-01-12,20.8,14.7,26.2,0.4,11.8,1013.6
2025-01-13,20.8,14.7,26.6,0.0,16.0,1012.5
2025-01-14,20.2,14.5,25.7,0.0,14.4,1013.0
2025-01-15,18.6,13.7,24.0,0.2,12.0,1014.8
2025-01-16,19.2,11.7,25.2,0.0,11.4,1015.2
2025-01-17,19.8,14.0,26.0,0.6,9.8,1014.6
2025-01-18,20.7,12.2,29.0,0.0,9.9,1013.2
2025-01-19,21.8,15.0,27.6,0.0,10.2,1012.7
2025-01-20,22.1,14.0,28.5,0.0,10.8,1012.7
2025-01-21,20.8,14.0,26.7,0.5,11.5,1013.6
2025-01-22,20.3,13.7,26.3,0.0,12.0,1014.0
2025-01-23,20.5,14.3,26.2,1.8,13.0,1013.5
2025-01-24,20.4,15.0,26.2,0.8,10.8,1012.7
2025-01-25,20.9,15.8,27.0,0.7,10.7,1012.5
2025-01-26,20.5,13.5,27.8,2.2,9.0,1013.2
2025-01-27,20.2,16.0,25.8,2.5,9.6,1013.2
2025-01-28,19.9,16.1,25.2,6.8,9.6,1013.4
2025-01-29,19.7,14.8,26.8,6.9,7.6,1014.3
2025-01-30,19.0,15.5,24.3,3.3,9.1,1014.9
2025-01-31,19.8,12.5,26.6,1.4,12.2,1013.0
2025-02-01,20.4,14.4,25.6,3.1,12.8,1013.3
2025-02-02,21.3,15.7,26.5,0.9,10.5,1012.4
2025-02-03,21.5,14.5,27.0,0.1,13.2,1012.1
2025-02-04,20.4,15.2,25.2,0.6,15.0,1013.3
2025-02-05,20.2,13.9,27.0,0.0,13.6,1012.5
2025-02-06,20.5,13.1,26.9,0.0,13.3,1012.0
2025-02-07,21.0,15.4,25.9,0.3,10.8,1013.6
2025-02-08,21.2,14.5,26.6,0.3,9.7,1013.7
2025-02-09,21.6,14.5,26.9,0.0,10.4,1013.1
2025-02-10,22.2,15.7,28.7,0.1,13.2,1012.0
2025-02-11,21.3,15.3,27.6,0.0,15.6,1012.7
2025-02-12,20.3,15.2,26.6,2.9,13.9,1014.3
2025-02-13,20.2,15.7,25.5,0.7,13.7,1014.6
2025-02-14,21.0,12.6,28.1,0.2,11.6,1014.5
2025-02-15,22.2,16.0,29.0,0.0,10.0,1014.0
2025-02-16,22.5,16.6,29.4,0.0,9.8,1012.9
2025-02-17,21.8,14.0,29.0,0.0,9.3,1013.2
2025-02-18,21.6,14.0,29.0,0.0,10.9,1014.1
2025-02-19,21.9,13.0,29.2,0.0,10.9,1013.5
2025-02-20,22.5,14.2,29.7,0.0,11.3,1012.4
2025-02-21,21.8,12.0,29.1,0.0,13.1,1013.0
2025-02-22,21.5,14.0,28.2,0.0,14.9,1014.2
2025-02-23,21.7,13.0,29.0,0.0,10.7,1014.9
2025-02-24,21.0,12.7,28.0,0.2,11.5,1015.0
2025-02-25,22.4,14.9,29.6,0.2,14.2,1014.5
2025-02-26,21.9,14.7,29.2,0.0,11.4,1015.0
2025-02-27,22.1,13.3,29.7,0.0,13.2,1014.9
2025-02-28,23.3,15.3,31.0,0.0,9.6,1014.0
2025-03-01,23.3,14.4,30.5,0.0,10.4,1012.8
2025-03-02,22.5,15.2,29.0,0.1,8.7,1013.5
2025-03-03,22.6,13.8,30.0,0.0,8.7,1013.0
2025-03-04,22.3,13.0,30.0,0.5,9.1,1013.0
2025-03-05,23.0,18.0,28.5,0.0,8.2,1013.2
2025-03-06,22.6,14.0,31.0,0.0,5.9,1013.6
2025-03-07,23.4,16.0,30.0,0.0,8.8,1013.2
2025-03-08,22.7,17.8,28.1,9.7,10.5,1012.3
2025-03-09,22.3,16.9,29.0,2.9,10.4,1011.9
2025-03-10,21.2,17.2,27.0,20.9,2.6,1013.6
2025-03-11,22.2,16.6,29.0,5.1,10.4,1013.2
2025-03-12,21.8,16.3,28.0,1.1,8.5,1012.9
2025-03-13,21.8,15.7,28.0,1.4,9.9,1013.3
2025-03-14,23.6,15.0,31.2,1.4,12.6,1012.1
2025-03-21,20.8,15.0,31.2,1.4,5.4,1012.1
2025-03-22,21.3,15.0,27.0,2.1,6.3,1015.4
2025-03-23,21.4,16.1,27.0,1.0,7.4,1014.8
2025-03-24,21.8,15.8,27.0,1.2,6.2,1016.2
2025-03-25,21.4,16.0,27.2,9.2,10.1,1015.5
2025-03-26,19.9,16.4,26.1,6.8,7.1,1013.6
2025-03-27,19.4,16.6,25.0,3.4,4.8,1012.7
2025-03-28,18.5,16.7,23.1,36.6,6.6,1014.8
2025-03-29,20.2,16.6,25.3,8.9,5.8,1013.9
2025-03-30,20.0,15.8,26.0,2.3,6.7,1013.7
2025-03-31,19.9,16.6,23.7,4.9,4.5,1014.3
2025-04-01,20.3,14.6,26.0,1.4,6.3,1013.8
2025-04-02,20.0,16.0,26.0,3.0,5.4,1013.6
2025-04-03,20.7,15.7,27.0,6.5,6.3,1015.2
2025-04-04,20.2,16.8,25.0,9.6,6.7,1015.0
2025-04-05,20.2,17.2,25.0,8.9,6.1,1014.2
2025-04-06,19.0,16.7,23.1,12.9,6.4,1015.0
2025-04-07,19.6,15.0,25.5,2.3,6.9,1015.7
2025-04-08,19.9,15.0,25.6,1.3,6.4,1016.5
2025-04-09,20.5,15.2,26.2,2.5,7.4,1016.3
2025-04-10,20.0,16.6,24.3,10.3,6.0,1015.0
2025-04-11,19.8,14.0,26.7,10.6,6.4,1013.3
2025-04-12,20.4,16.8,25.1,7.9,6.6,1014.2
2025-04-13,19.9,16.0,25.6,15.0,6.2,1016.2
2025-04-14,20.8,15.7,26.0,13.1,6.1,1016.0
2025-04-15,21.3,17.8,26.0,8.5,4.5,1015.7
2025-04-16,20.2,14.8,27.0,1.6,5.4,1015.6
2025-04-17,20.5,15.8,27.0,10.8,5.2,1015.1
2025-04-18,20.5,16.8,27.0,11.1,5.7,1014.8
2025-04-19,19.4,15.6,25.0,11.4,4.4,1014.6
2025-04-20,19.8,16.3,26.0,21.1,5.6,1014.3
2025-04-21,19.9,16.2,26.0,6.2,5.9,1014.3
2025-04-22,19.7,16.8,24.0,22.8,5.4,1015.5
2025-04-23,18.9,16.6,24.0,8.1,11.2,1015.5
2025-04-24,19.5,15.8,24.0,1.2,9.3,1015.5
2025-04-25,19.8,14.7,25.0,0.3,5.2,1015.6
2025-04-26,19.7,14.4,26.0,0.3,4.7,1014.9
2025-04-27,21.0,17.0,27.0,0.8,5.3,1014.8
2025-04-28,21.1,16.0,27.0,0.0,4.3,1013.5
2025-04-29,20.3,16.0,25.0,3.4,6.6,1013.0
2025-04-30,19.8,17.0,25.0,3.0,5.2,1014.0
2025-05-01,20.2,16.6,25.7,1.5,6.4,1014.1
2025-05-02,20.5,16.5,27.0,0.9,5.0,1014.3
2025-05-03,21.3,16.5,27.2,2.3,5.5,1014.5
2025-05-04,21.1,17.0,26.8,30.0,4.5,1014.9
2025-05-05,20.2,16.4,25.0,18.0,5.2,1016.2
2025-05-06,20.3,15.9,25.0,25.6,5.0,1016.9
2025-05-07,20.4,14.5,26.0,22.2,5.8,1016.5
2025-05-08,20.3,16.1,24.0,1.1,3.1,1015.3
2025-05-09,20.5,15.5,25.0,5.0,5.0,1016.0
2025-05-10,20.0,15.2,25.2,5.9,3.9,1016.8
2025-05-11,20.2,16.6,26.0,10.7,3.4,1017.0
2025-05-12,20.4,15.7,25.0,14.0,5.3,1016.4
2025-05-13,19.9,14.9,25.0,9.0,5.3,1017.1
2025-05-14,19.3,15.0,24.2,3.3,5.1,1017.3
2025-05-15,20.1,16.0,25.0,3.2,4.9,1016.7
2025-05-16,20.4,16.0,25.0,2.6,5.4,1015.9
2025-05-17,20.0,16.0,25.0,6.5,5.2,1016.1
2025-05-18,21.0,16.3,26.2,9.3,4.4,1015.6
2025-05-19,19.8,16.7,24.0,3.1,6.8,1015.0
2025-05-20,20.6,16.3,25.0,14.4,6.1,1015.1
2025-05-21,20.8,17.8,26.0,3.6,5.4,1015.8
2025-05-22,21.3,16.9,28.3,3.4,4.6,1017.1
2025-05-23,20.5,16.6,25.0,4.0,6.1,1016.8
2025-05-24,20.4,14.6,25.0,0.5,3.9,1015.7
2025-05-25,19.6,15.1,24.0,0.1,5.1,1017.5
2025-05-26,20.8,17.0,26.0,2.7,4.3,1018.9
2025-05-27,19.5,16.0,24.0,3.2,4.1,1019.9
2025-05-28,20.1,15.4,25.0,0.8,6.1,1019.5
2025-05-29,19.4,16.0,24.0,6.7,6.3,1020.0
2025-05-30,20.2,16.0,25.1,1.9,2.8,1019.0
2025-05-31,19.9,15.0,25.0,0.2,3.2,1019.2
2025-06-01,19.5,12.9,24.0,2.2,4.0,1019.8
2025-06-02,19.7,16.2,25.1,6.8,4.5,1018.6
2025-06-03,19.5,16.2,23.7,3.1,4.1,1017.7
2025-06-04,19.4,16.5,25.0,4.3,6.8,1017.9
2025-06-05,18.6,15.7,22.7,6.5,8.2,1018.8
2025-06-06,18.0,15.3,23.5,19.7,8.2,1020.1
2025-06-07,19.6,15.3,24.0,7.5,5.9,1019.3
2025-06-08,20.0,15.0,25.0,15.0,4.5,1019.2
2025-06-09,19.4,1.0,25.5,10.2,5.0,1019.1
2025-06-10,19.6,15.7,26.0,0.0,6.3,1017.7
2025-06-11,20.0,16.2,26.0,3.1,4.0,1017.5
2025-06-12,19.4,16.1,25.0,6.1,5.0,1017.3
2025-06-13,19.3,15.7,24.0,1.1,5.5,1018.0
2025-06-14,18.9,11.9,23.0,0.2,4.6,1018.4
2025-06-15,18.6,13.9,23.0,0.0,3.9,1018.9
2025-06-16,18.6,14.6,22.0,0.4,7.2,1018.7
2025-06-17,17.8,15.2,21.8,7.4,8.4,1018.9
2025-06-18,18.6,15.6,22.6,1.6,9.0,1018.5
2025-06-19,18.4,15.3,22.9,3.1,8.3,1018.8
2025-06-20,19.3,15.3,26.0,1.2,6.6,1018.4
2025-06-21,19.4,14.9,26.0,0.3,6.1,1017.8
2025-06-22,19.3,15.5,24.0,1.2,3.8,1017.6
2025-06-23,18.9,16.0,23.0,4.5,4.6,1017.8
2025-06-24,19.0,13.5,26.0,0.0,5.5,1018.2
2025-06-25,19.5,15.0,25.0,1.8,5.1,1018.2
2025-06-26,18.2,15.9,22.0,10.7,3.2,1018.0
2025-06-27,18.9,16.3,25.0,5.7,5.0,1017.3
2025-06-28,17.0,15.2,19.8,2.9,5.0,1018.0
2025-06-29,17.2,14.8,20.8,3.5,4.8,1018.1
2025-06-30,18.0,15.2,22.0,4.2,5.6,1018.2
2025-07-01,18.5,14.9,24.0,3.3,5.0,1019.0
2025-07-02,18.5,15.0,23.0,0.2,6.2,1019.2
2025-07-03,17.8,15.0,22.0,9.4,5.7,1019.2
2025-07-04,18.4,15.7,22.2,5.8,2.7,1019.0
2025-07-05,17.6,15.0,20.7,10.4,3.0,1018.8
2025-07-06,17.1,15.0,19.6,5.7,7.6,1018.5
2025-07-07,17.0,15.3,19.8,6.0,8.0,1018.9
2025-07-08,17.4,14.5,21.7,5.7,6.9,1019.7
2025-07-09,17.0,14.2,21.0,2.8,5.9,1020.0
2025-07-10,18.6,15.0,23.0,0.1,6.5,1018.4
2025-07-11,18.7,15.2,23.0,1.4,4.8,1018.5
2025-07-12,18.5,15.0,22.3,3.6,5.2,1019.0
2025-07-13,17.8,15.0,21.0,12.4,3.0,1020.1
2025-07-14,19.0,15.7,24.0,1.6,5.6,1019.8
2025-07-15,18.8,14.8,24.0,0.0,4.4,1018.8
2025-07-16,18.2,15.1,22.0,0.7,4.6,1018.5
2025-07-17,18.6,15.5,23.0,1.3,4.6,1019.1
2025-07-18,17.9,15.6,21.7,11.0,4.3,1020.1
2025-07-19,18.0,14.6,22.1,2.7,7.0,1018.9
2025-07-20,16.4,13.8,19.0,1.5,3.6,1017.8
2025-07-21,17.2,13.0,22.0,0.0,4.6,1017.0
2025-07-22,16.6,13.5,19.8,0.5,6.1,1018.7
2025-07-23,17.2,13.6,20.6,1.7,6.1,1019.1
2025-07-24,18.4,13.0,24.0,0.3,4.8,1018.2
2025-07-25,18.2,14.2,24.0,0.0,5.1,1017.8
2025-07-26,17.4,13.0,24.0,0.0,4.7,1018.8
2025-07-27,16.8,11.5,23.0,0.0,3.6,1019.7
2025-07-28,17.1,12.6,22.0,1.6,4.2,1020.5
2025-07-29,16.0,14.0,19.0,2.8,4.0,1021.3
2025-07-30,18.0,13.7,25.0,0.6,4.5,1021.6
2025-07-31,18.7,14.6,24.0,4.6,3.3,1020.5
2025-08-01,16.7,14.0,19.0,6.3,2.8,1019.6
2025-08-02,16.6,14.7,21.1,3.2,3.0,1018.5
2025-08-03,16.5,13.9,20.4,2.9,5.1,1018.9
2025-08-04,16.5,13.7,20.6,0.8,5.9,1019.3
2025-08-05,16.1,13.2,19.0,0.6,5.2,1019.3
2025-08-06,18.2,13.0,25.0,0.4,4.8,1017.8
2025-08-07,17.5,15.0,21.7,5.7,5.5,1016.1
2025-08-08,17.2,14.5,21.0,2.4,5.6,1016.3
2025-08-09,16.9,14.7,19.0,3.2,4.0,1018.1
2025-08-10,18.1,14.7,22.6,0.0,4.7,1017.7
2025-08-11,17.1,14.0,20.2,1.0,6.3,1017.8
2025-08-12,16.8,13.8,21.0,3.9,4.5,1018.1
2025-08-13,18.5,14.0,24.0,0.0,5.1,1017.5
2025-08-14,19.5,14.1,25.7,0.0,5.7,1017.7
2025-08-15,18.3,14.9,23.1,4.5,7.8,1017.5
2025-08-16,18.3,15.0,22.6,4.0,7.1,1016.3
2025-08-17,18.5,14.4,23.0,2.6,5.8,1016.3
2025-08-18,16.0,14.8,18.2,12.5,4.2,1018.5
2025-08-19,16.2,14.6,19.9,5.6,7.1,1018.5
2025-08-20,17.7,13.7,21.2,0.4,10.6,1017.0
2025-08-21,15.9,14.1,18.2,2.5,6.4,1017.5
2025-08-22,17.0,14.0,20.3,1.4,5.5,1017.5
2025-08-23,17.2,14.0,22.0,1.1,5.7,1017.4
2025-08-24,18.9,14.4,25.0,4.7,5.2,1018.1
2025-08-25,19.0,14.1,25.0,1.7,7.1,1018.6
2025-08-26,18.7,14.0,23.6,2.0,8.3,1019.3
2025-08-27,18.7,14.0,24.0,2.0,7.4,1018.7
2025-08-28,17.9,13.8,22.5,2.3,8.6,1018.9
2025-08-29,17.1,11.0,22.0,1.0,6.6,1018.8
2025-08-30,17.8,14.0,25.0,2.1,7.1,1019.6
2025-08-31,18.0,13.9,24.0,2.3,8.1,1019.7
2025-09-01,18.4,14.9,23.0,2.7,8.1,1018.4
2025-09-02,18.0,13.3,23.0,0.2,6.6,1017.6
2025-09-03,18.4,13.6,24.0,0.0,7.5,1017.8
2025-09-04,18.2,13.2,24.0,0.0,7.6,1016.6
2025-09-05,18.4,14.8,24.0,0.0,7.3,1016.6
2025-09-06,19.0,12.8,25.0,0.0,7.5,1017.1
2025-09-07,18.6,13.0,26.0,0.0,8.2,1018.5
2025-09-08,20.0,15.8,27.0,1.9,7.5,1017.6
2025-09-09,19.5,15.8,26.0,7.2,7.6,1017.9
2025-09-10,20.4,16.0,27.0,2.5,7.3,1017.7
2025-09-11,18.6,15.0,25.0,0.0,5.2,1018.2
2025-09-12,18.0,14.2,22.0,0.0,6.5,1017.8
2025-09-13,18.6,14.0,26.0,0.1,5.3,1017.2
2025-09-14,19.6,11.0,28.0,0.0,5.1,1016.0
2025-09-15,20.2,13.8,28.0,0.0,5.3,1015.6
2025-09-16,21.0,13.7,28.0,0.5,6.8,1015.6
2025-09-17,20.8,12.0,29.0,0.0,3.7,1015.3
2025-09-18,20.1,16.6,27.0,10.7,9.2,1016.7
2025-09-19,20.8,16.8,29.0,6.9,4.8,1017.0
2025-09-20,19.8,13.9,26.0,0.2,6.6,1017.6
2025-09-21,19.7,15.3,26.0,2.7,5.7,1017.4
2025-09-22,19.9,15.8,26.0,2.5,7.3,1017.7
2025-09-23,19.9,16.0,26.0,0.9,5.1,1018.9
2025-09-24,19.0,13.6,25.1,0.0,8.6,1018.2
2025-09-25,19.8,13.8,26.0,0.0,6.5,1017.0
2025-09-26,20.6,15.0,27.0,0.1,6.0,1016.7
2025-09-27,20.0,14.0,27.0,0.8,6.4,1016.3
2025-09-28,19.0,15.4,24.5,0.4,8.4,1017.2
2025-09-29,20.6,13.7,28.0,0.3,6.9,1015.8
2025-09-30,21.3,14.4,29.0,1.3,7.3,1015.0
2025-10-01,20.3,14.0,26.7,0.0,8.9,1014.4
2025-10-02,20.0,12.4,26.2,0.0,8.4,1014.4
2025-10-03,20.1,13.7,28.0,0.0,8.6,1015.5
2025-10-04,19.8,16.6,25.0,11.1,5.9,1016.7
2025-10-05,20.1,17.0,24.0,2.2,5.0,1016.0
2025-10-06,19.1,15.0,24.0,1.8,8.2,1016.7
2025-10-07,19.2,15.2,25.5,7.6,7.5,1017.7
2025-10-08,19.1,15.7,26.0,6.5,5.8,1017.8
2025-10-09,18.9,15.9,25.0,7.2,7.9,1018.3
2025-10-10,19.1,15.2,26.0,13.1,7.8,1017.8
2025-10-11,20.9,15.4,28.0,4.9,6.6,1015.7
2025-10-12,19.7,14.0,27.0,0.0,7.0,1015.1
2025-10-13,20.7,16.0,28.0,1.4,5.0,1015.4
2025-10-14,19.7,16.1,26.0,1.9,7.6,1015.9
2025-10-15,21.0,15.6,28.0,2.4,6.1,1014.7
2025-10-16,20.4,16.4,27.0,2.4,6.7,1014.3
2025-10-17,20.9,16.5,26.0,2.5,5.4,1015.6
2025-10-18,19.8,16.0,27.0,3.5,7.9,1016.4
2025-10-19,20.9,15.6,28.0,2.4,7.5,1015.9
2025-10-20,20.8,12.4,29.0,0.0,6.8,1014.4
2025-10-21,21.2,14.0,27.0,0.0,6.6,1014.6
2025-10-22,20.9,16.3,27.0,0.4,8.5,1016.0
2025-10-23,20.7,16.6,26.0,2.8,7.2,1016.1
2025-10-24,18.9,16.2,23.8,12.4,7.5,1016.4
2025-10-25,19.7,16.2,24.9,5.6,8.0,1015.0
